-1.1061382,0.7372344,1.2621326,2.132668,0.50208944,0.9509197,2.9746747,0.6398714,0.6212175,-0.16391729,0.6755101,-2.097305,0.2603325,1.2157773,0.38559887,-0.4800908,0.38106233,0.38976493,-2.9293742,-0.4359038,-3.12545,0.7401165,1.0728071,0.09847327,0.6398613,0.8454491,1.0120136,-1.0462996,-1.1850252,0.5260396,2.1143498,-0.4009424,-0.5307228,0.6382556,0.58650565,-0.7341174,-1.6693953,-0.34047613,0.21704362,1.2644978,-0.42085424,1.2503424,-1.2304423,1.3390473,1.9870597,0.35588628,-0.14742097,-0.83978987,0.05448693,0.5439253,-0.12635732,0.5086319,-0.52951115,0.42171642,1.0254601,2.1344004,0.04136551,-0.6483424,-0.8493749,0.000869781,0.9472021,2.2337234,-1.7895982,-0.69377357,-1.1945702,-0.91235423,-2.8770497,1.4390136,0.7609982,-1.0821276,1.5612345,2.1043339,-0.56460744,1.0044448,-1.4187527,0.40072173,-0.93155754,-1.5589855,1.1491666,-0.4726922,1.2259275,2.8774695,1.0212603,0.5203183,-0.20190638,0.41590548,1.3336272,-0.1412839,1.2518431,-0.29646167,2.165477,1.4032327,1.0626547,0.3928625,0.7292791,-0.7561904,-1.5548679,0.978051,0.3504542,0.19885823,-1.1100459,-1.122904,-0.7806027,-0.4237348,2.371281,1.0825956,1.1822536,0.40384424,0.37860715,1.0564828,0.59512144,0.41129872,1.2834951,-1.8510826,-2.8168492,-1.5623938,-1.299016,-0.6267315,0.4590369,-0.7297348,-3.123104,0.73399794,-0.46660864,-0.1371719,-1.9799995,1.0678754,0.99974173,1.4828787,-0.24098042,0.16002524,-0.1756739,0.056014176,0.7430554,-1.7399597,0.88741076,0.10238278,-0.7578943,0.06516356,0.017090455,0.021365866,-1.5941969,0.39808625,0.76711094,-3.3829465,0.22320679,-1.1935496,-1.6809237,0.9131949,-0.5164055,0.52002704,-1.1284981,-1.7781888,-0.36865216,-0.11700773,1.3355525,2.8862,2.3018417,-0.5102505,1.2234925,0.6289752,-0.020390645,1.4466922,1.8141658,-0.60037386,0.000983581,-2.0987327,-1.5982478,0.5635347,0.75648963,0.4536044,-0.475101,-0.91610426,-0.5358501,-1.6298734,1.7140634,-0.17003834,-1.6130829,1.2002164,-2.4808364,0.20428085,0.45187706,0.4435287,-0.18184009,0.318003,-1.5897974,-0.79757565,-0.1937302,0.6915078,-1.0862758,-0.011607654,-1.3102865,-0.69174844,1.0061004,-0.33124304,0.96151257,-1.2375549,1.1678839,2.4625149,0.38571262,0.56934726,-0.8198775,1.0227063,-1.3455652,-2.5002396,1.6004887,-1.0652585,0.82876754,1.4640322,0.9513731,0.8104446,-2.9988475,0.8357902,1.4371248,1.6686969,2.1879165,1.3103782,0.75163585,1.5787711,-0.5747606,0.09730027,0.7153367,-0.92280334,-2.3843164,2.3328707,-0.42787325,0.56888485,-1.1019613,-0.5994744,0.97662556,-1.3539819,1.3184558,-0.5778036,-3.5373032,-0.4637733,0.06533219,0.61472017,-0.5953083,-1.8259697,-0.45166653,1.5435059,-2.8126614,1.1155983,0.3090537,-0.40942633,-0.75576633,-0.3936329,-0.7223967,-0.1630916,1.2714958,2.025793,0.3709565,-0.4454042,-1.1355976,1.8561703,-2.471614,-0.30730432,5.128707,5.116722096694959,4.923002232138368,4.828584754902626,5.07472562789917,5.071355909,0,-0.208636747,-0.078965032,7.65962449,9.339999998,161.29,-7.875076181,2.40296,14.12128024,0.9274,0.4906,4.965,3.0549,0.9428,0.3765,5.937,4.7722,0.8164,0.576,4.4189,1.2223,0.8248,0.4964,4.2653,2.9224,0.8493,0.4449,4.9565,3.6926,0.7184,0.6016,3.6894,1.0924,1,2,2,3,1.92110411,2.015064267,2.092635181,2.135203503,4.841188817,5.324518644,5.324684967,5.744660819,1.4448
-1.1263324,1.4385716,0.2744488,3.0727725,1.3139007,2.149207,5.045639,2.8353772,-0.9283873,-1.0565412,0.38938558,-4.0310793,-0.44010115,2.5712175,0.17054045,-1.8015435,0.089300096,1.4184438,-1.5224843,-0.6062238,-4.4940815,0.839668,2.0252073,-1.3971235,0.619711,-0.5370032,1.6216753,-4.230755,-1.395411,1.2516669,0.4499363,-0.5601849,-1.1235805,1.063748,2.8061984,-0.2756046,-0.92460287,-1.5244336,0.18096209,0.42007926,-1.6278903,1.5986332,-2.6339283,1.3341814,2.7094135,-0.5367837,-1.1650786,-1.3528782,-0.23609717,0.4674066,2.6463614,1.6057949,-1.0974574,0.9534166,0.29135355,4.827358,0.45291153,-4.0625467,-2.2414258,-0.45633113,0.08699538,1.8080498,-3.298086,-0.53257006,-1.2495927,-0.19700491,-1.9520562,-0.33691654,1.8777477,-0.021645755,2.6645696,1.6320156,0.5470432,0.46916127,-4.0367527,0.27754152,1.5616748,-2.4323816,2.1588128,0.70786214,0.6907546,4.417433,0.67229474,-0.92735666,1.0820669,0.5253347,0.9573295,0.19709307,0.82350373,0.15414953,1.9523638,1.0657486,1.4120923,1.6729995,0.9072928,-2.3192554,-1.5170798,2.3745196,0.99313927,-0.77330893,-1.5652986,1.0768515,-0.3022092,-0.1600261,3.983883,0.12921715,1.1690958,0.38997734,-0.5787232,0.12880437,-0.952218,0.20704249,4.7885804,-2.6492884,-3.9710474,-0.44959393,-0.70568144,-0.99803257,3.407822,1.7632828,-5.8325014,4.21796,-1.3493121,0.99524885,-1.9124718,2.482518,1.8777337,0.9937746,0.74056447,1.110342,-1.568599,-0.2816438,0.4187457,-2.8259816,1.9672245,0.85776985,-0.49714595,0.76452595,0.5396219,0.19844842,-1.2003548,1.5967139,-0.46640557,-6.6954007,0.3398877,-1.050336,-2.3162177,1.21921,-0.7550016,0.8816242,-1.2220095,-3.1110528,-0.39048105,0.70427394,0.47918066,3.7581754,2.8803566,-0.74068815,2.6815357,1.435994,-0.5598694,3.1659667,3.4541264,-0.12177318,-1.0894938,-0.9139008,-3.6090164,-1.1820362,2.1622849,1.4410222,0.94662094,-0.67590696,-0.11930692,-4.1872344,4.1461015,-0.2577671,-2.6350996,1.2007229,-2.2056706,0.33895174,0.6921989,-2.435563,0.7794345,1.0607953,-3.3496084,-1.6667061,-0.75028175,0.7448981,-2.3292155,-0.5814158,-1.7879288,-2.9061468,-0.16295578,-0.9064604,3.0362017,-2.8290536,0.79969084,3.9791534,-0.08406314,1.4952776,-1.5057575,1.8236808,-2.5567336,-4.7834697,1.6153767,-2.1096692,-1.0119749,2.3687584,1.4757721,3.725484,-4.050688,1.8505903,1.142184,0.19044153,2.6030695,2.3164132,1.9371468,1.1283189,-1.569582,-0.8259194,3.604126,-0.5594014,-3.3152213,2.7622843,0.4595856,-0.3301042,-1.192139,-1.7740417,1.7093226,-2.06625,-1.3042781,0.3157677,-4.085983,-0.39843774,0.43082732,-1.6161207,-0.7621833,-2.248418,0.035113886,2.7423124,-2.3231566,-1.4082847,-0.24305737,-0.26871297,-2.0294623,-0.7844462,0.039206654,-0.3231119,1.5689886,-0.47246093,0.7495363,0.33000326,-2.2754061,1.3246626,-1.845626,-0.8554064,5.0251575,5.161275372813207,4.495575462567482,4.6120222078113695,4.655036926269531,4.711934982,1,-0.194031074,-0.083213993,5.36336596,6.230000007,134.19,-7.736035133,2.09459,14.12127939,0.9538,0.3953,5.6098,3.8449,0.9894,0.1788,6.3786,5.5328,0.8773,0.4244,5.1032,3.4286,0.9027,0.3984,5.2194,3.8078,0.7774,0.4372,4.356,2.6187,0.774,0.4963,4.2234,1.5162,1,2,2,3,1.969138136,2.008996516,2.075720839,2.171968002,4.840786825,5.324564574,5.324638897,5.744429543,1.4448
-0.33092847,0.2469913,0.24810752,3.0080454,0.31690007,1.8249497,2.353746,0.7713334,0.29350275,0.024468333,-0.3831438,-0.5224132,0.66079247,1.4107502,-0.5204873,0.006901145,0.6047566,0.8408462,-2.5020597,-1.2010335,-1.5308775,-0.017901272,2.4490888,1.1441971,0.9467559,1.2320262,-0.7367927,-1.6024901,-0.27869734,-0.007821813,1.2803525,0.16008452,0.63556445,-0.20364325,0.40104705,-0.75704205,-0.7013001,-0.08809776,0.38977277,0.8652245,-0.34199178,0.2932287,-2.3718035,1.0792903,0.6567388,0.85531324,-0.2830982,0.30620068,1.4987106,2.0950572,0.507689,1.1913185,-0.7559377,1.098665,0.35491037,0.395967,0.032472532,0.28825405,-0.6755551,1.5985625,0.79090655,1.074987,-0.7481561,-0.40757328,0.06441142,-1.4728842,-2.000797,0.24689092,0.11797292,-1.5096114,0.7602835,2.4768925,-0.83999145,2.1443324,-1.7984198,-0.1388104,0.09967395,-2.9013941,1.083326,-0.10640964,1.430587,0.25310022,-0.27907407,-0.17486265,0.20740637,0.39384693,0.8169642,-0.057263553,-0.27265674,0.28216445,2.032779,1.338415,0.93666077,1.9939147,1.2205418,0.19456087,0.15148447,1.6557475,0.11759196,-0.22244665,-1.9887584,0.056105874,-0.7963027,0.42267737,2.4020522,-0.015150815,0.76334137,0.15018325,0.8935822,-0.041329965,0.65437347,-0.33584568,1.5471398,-1.290092,-3.5534456,-0.9221949,-0.3438278,0.18858036,-0.26420462,-0.6082348,-3.489232,1.9050407,-1.1552589,-0.71832174,-0.17357346,1.4624381,0.38273484,-0.31180516,0.10376246,0.3941924,0.30776662,-1.0510879,0.89494467,-0.3819377,1.7566317,0.60075223,-1.0661334,-0.49748436,0.37370536,0.34942323,-1.3124752,0.57054454,0.65429896,-2.2812035,0.6335639,-2.0439012,0.24137697,1.3366877,0.13570882,1.7508066,-0.87580967,-2.2670465,-0.58139193,-0.634527,1.7485363,3.133291,1.0415514,-0.8079413,1.5348034,0.8171561,0.95855796,2.8750436,2.566055,-1.079158,-1.2202528,-0.7723906,-1.2060611,-0.24203004,1.2103866,0.6606383,0.4128558,-1.7340837,-0.3901935,-0.5887593,1.7822297,-0.98272425,-1.4543637,1.8176103,-1.1852363,-0.056030884,-0.14610812,-0.023482949,0.027123854,0.6311673,-2.1774845,-0.71703494,0.6056165,-0.54674196,-0.9349242,0.011254087,-0.54664135,-0.6318048,0.5862375,-0.59432137,1.4074821,-1.2188226,0.8542934,2.8332438,0.16153878,1.6629928,-0.823844,0.58042395,-0.3483463,-2.9224372,1.9310338,-0.99026,0.2740507,1.9376849,-0.0627979,0.48770148,-2.6670928,1.3865877,0.39730346,0.24222048,1.4722852,1.9994453,2.148093,0.7309573,-0.6299105,0.12966034,0.86554825,-0.7340011,-1.8156891,2.0340195,0.35618204,1.6016684,-2.1330004,-1.0948281,0.27328178,-0.21060376,0.672932,0.84624124,-3.9156425,-0.91009367,1.3439521,0.34126192,0.04367557,-0.96813846,-0.8422501,3.5460877,-1.8185539,1.2369015,-0.005830333,0.59917307,-0.38200796,-0.22291295,-0.2772295,-0.41342634,1.2780982,0.8994105,-0.03697444,-0.066470854,-0.1412657,2.0662446,-3.8900962,0.85308367,3.9022815,5.124093656283172,4.375504493329965,4.635124664203548,4.302587509155273,4.209750628,2,-0.207900994,-0.079789499,4.66022883,27.97999999,48.53999999,-10.4,2.1875,14.12127948,0.9427,0.5527,5.2539,3.0874,0.7932,0.6629,4.0975,1.0498,0.9644,0.3508,5.9216,4.6358,0.7332,0.5988,3.98,1.9957,0.8377,0.6102,4.4415,1.9673,0.745,0.5859,3.8474,1.2419,1,2,2,3,1.972236294,2.002084164,2.07794562,2.190223961,4.84082222,5.324344454,5.324635972,5.74483302,1.4448
-1.0572145,-0.4456657,1.6920049,2.5355945,-0.4999863,1.748531,1.3195667,0.14237823,0.84946936,-0.37304577,-1.4665257,0.08441739,1.2902632,1.4551525,0.21883431,-0.58357626,0.6344653,1.5523343,-2.2570982,-0.39487958,-2.0172007,0.68310285,2.6943388,0.6763784,1.4128124,0.9850143,0.23846728,-0.28678825,-1.734016,0.4202695,0.55973816,-0.22447786,-0.19915304,0.67471385,1.2077001,-0.73676276,-2.5742502,0.76308715,1.7145197,1.0859281,-0.9219493,1.3605584,-1.3599814,0.70844376,0.21195053,0.84495026,-0.33763573,-0.31130183,1.4256102,2.2583964,0.021482483,-0.26772204,-1.5408263,0.72699606,0.17689347,0.3081876,0.66633,0.82803124,-0.16057879,1.1207877,1.2892115,1.1701415,-0.6673858,-0.39735812,-0.7179127,-1.7986709,-1.6007968,0.110880986,0.6512115,-2.5737848,1.0291097,2.7612739,-0.6415231,1.8951262,-1.017452,0.551849,-0.013847597,-1.9461075,1.2268836,-0.7681603,2.0267885,0.9988937,-0.8752027,-0.48676512,-0.36654967,0.35594866,1.4695162,0.38475758,0.8539436,-0.35921067,2.0482674,1.4284616,0.8211988,1.7277246,1.3173892,-0.18614432,-2.1043563,1.5970228,0.04268863,-0.11130095,-1.4926157,-0.4992587,-0.24620403,0.22793454,3.2805748,0.27625686,0.9438407,-0.5572555,0.8179046,0.49194974,0.9536491,0.82751006,0.91282487,-1.3463888,-3.2835956,-1.1151716,0.17999205,-0.12121132,-1.5309492,-0.74899274,-1.962837,1.752913,-2.2361546,-1.6285533,-0.74502295,-0.002834976,2.0207078,1.4322631,-0.88423187,1.7259474,0.44944453,-0.3197642,1.3403654,-0.15909193,0.8061267,-0.20280454,-0.97253203,-0.30889282,-0.14604881,1.5913414,0.013140164,1.0647266,0.20213294,-1.8304777,0.10537535,-2.0344715,1.1126144,1.1565508,0.6176824,1.4373232,-1.7138549,-1.1677305,-0.16755801,-0.68373996,1.2562954,4.401671,1.1404921,0.9026508,1.286957,0.7098983,2.0648615,1.5352987,1.1113514,-1.674339,-0.3329048,-1.5071142,-1.0716288,-0.2299809,0.98340976,1.1883513,0.50346726,-1.8667219,-0.003877126,-1.5666406,1.4177265,-0.96766514,-0.3924148,1.5063876,-2.2380927,-0.15451866,-1.153804,0.45992082,-0.6882341,1.5054408,-2.8107703,-0.5367541,0.46629602,-0.8680006,-0.41205725,-0.18416649,-1.435958,-0.8251061,1.378199,-0.7206774,2.4087589,-1.4060535,0.8782733,1.7673372,0.4644624,0.56544125,-1.7137624,1.5215908,1.5518883,-2.873367,1.7527082,-0.61983913,-0.3798395,1.6090779,-0.73823375,0.8676878,-2.6142426,0.6172376,1.3691639,0.8463803,1.7800235,0.9456395,2.8558009,1.1318247,-0.4697768,1.1728005,-0.6469488,0.79582953,-0.68306655,2.131196,-0.21182215,1.7779623,-2.0208793,-1.9627635,-0.34492972,-1.1101481,0.96028495,-0.57262385,-3.6707258,-0.15937498,0.6870525,0.55353636,1.9146374,-1.8340654,-0.7649028,3.417942,-2.8977194,2.281462,-0.85632753,0.13135476,-1.1740886,-1.6377013,-1.4835654,0.6069418,0.571096,1.7605828,-0.97811425,-0.82327574,-0.65401316,2.435134,-4.5318084,0.9908082,5.1056685,5.135732717982185,5.092536345857825,5.042794332436241,5.0265512466430655,4.729846571,3,-0.204710501,-0.073981061,13.14785615,52.45999998,124.22,-8.147700743,2.1844,14.12128358,0.8197,0.5653,4.619,2.8198,0.9535,0.5518,5.7888,2.5938,0.913,0.5308,5.7143,3.719,0.6879,0.5638,3.6872,2.5189,0.8116,0.5543,4.51,3.0668,0.8869,0.5677,5.0454,2.2966,1,1,2,2,1.969305207,1.971725387,2.195004784,2.223370864,4.840725353,4.840834859,5.324799401,5.324750561,1.4448
-1.0828612,-0.36637157,0.513604,1.1319836,-0.24864359,1.0998392,-0.2634725,-0.5448628,0.78797626,-0.3528257,-1.4248445,-0.20801833,0.31337786,0.6298696,0.7514719,-0.8666664,-0.39295053,0.5021578,-1.5067427,0.33695528,0.23124647,0.07371876,1.0414375,0.6612714,1.0663152,0.3774053,-0.59293896,0.82287496,-0.6858237,0.33238143,0.48301402,0.44696653,0.81545335,-0.83923453,0.4643928,-0.93724316,-1.2276711,0.33491746,0.9447139,0.79050636,-0.78300077,1.2633582,-0.7870929,0.17239259,0.27153987,1.526701,0.5082687,0.062050954,1.1572592,1.7774997,-1.0280548,0.5019046,0.41562775,0.61914504,1.110293,-0.15787266,0.2903282,0.50011045,0.6310059,0.74940073,0.49792004,0.554623,-0.025043413,-1.5148427,-0.17918773,-1.9610267,-1.3436327,1.3484266,-0.29114735,-1.4391313,0.007916555,1.4084656,-1.2279924,1.7895288,-0.56173503,0.52710766,-0.46868604,-1.4328535,-0.8577639,-0.88821346,0.23128372,-0.15260941,-1.1236926,0.22776565,-0.86762106,0.3359155,0.6478861,1.1255203,0.49151355,-0.2559778,1.7066226,1.7016125,1.2221715,0.10717805,0.67031205,1.1373824,-1.1452157,1.314534,-0.4605929,-0.2985008,-1.1515316,-0.79883933,-1.1248506,-0.49801654,1.5272375,0.9331517,0.5186597,-2.026375,-0.37040284,1.4486749,1.0999393,0.82692444,0.55619985,-0.93873006,-0.9460427,-1.4064465,-0.21450198,0.40498,-1.8162613,-1.6041863,-1.1610062,0.14341182,0.14082931,-1.0087235,-0.91864604,1.1968071,0.54436743,0.3563955,-1.0509884,-0.09881973,0.54830086,0.17052606,0.7591327,-0.553663,0.9240229,0.7843589,-1.0284221,0.022924962,-0.39096937,-0.47688198,0.039827712,-0.36120188,1.2213525,-0.005525231,0.31728914,-2.3033104,1.6772244,-0.266128,0.09474467,1.1884369,-1.4190409,-0.35818693,-0.007194251,0.35780504,1.1497002,2.8559408,0.7498862,0.007891864,-0.23394409,0.7129327,2.6695204,1.684266,0.80199933,-0.7318727,-0.046228774,0.46779963,-0.3880966,0.9017057,-0.4784917,0.42260927,-0.11966184,-1.3391039,-0.83173364,-0.122485474,0.21998963,-0.9135688,-0.11746815,1.8057218,-2.0361316,1.1512817,-0.60614353,2.0612972,0.37030715,0.06962459,-0.99079597,0.16254176,0.97772896,-0.466584,-0.40971383,-0.092736565,-0.5902339,-0.6796174,1.3057829,-1.2725042,0.45904326,0.725674,0.61366165,1.1485741,0.37750432,0.084520936,-0.61950976,-0.07769492,0.70979244,-1.5135798,1.9512908,0.12158138,0.91244364,1.9408406,-0.5017016,-1.1786343,-0.5468612,-0.24985893,1.2556212,0.78669304,0.6546371,0.025620162,0.45379046,0.8426831,-1.2127087,0.5771263,-1.3953164,0.094634965,-0.2389553,1.4731514,0.19631574,2.202739,-1.5378449,-0.7904233,-0.021170288,0.7082057,0.54986143,-0.32438004,-2.9555366,-0.14648113,1.2075306,1.0314159,0.16502564,-0.06090068,-0.41347316,2.5401568,-1.4600626,2.1239572,-0.25695375,0.19932845,-0.6062062,-1.4445635,-1.2960204,1.0089637,0.4655112,0.73523843,0.042094722,-0.3285005,-0.7643509,2.113227,-3.057302,-0.69380826,4.7781467,5.169367854167841,4.888246695389716,5.055052406261725,4.624938011169434,5.065266731,4,-0.19679394,-0.06732814,10.00605029,34.34000002,141.7799999,-8.619779781,2.15509,14.12128356,0.841,0.626,4.5472,1.6589,0.9408,0.4009,5.2071,3.3958,0.8988,0.6365,5.4367,1.6461,0.7051,0.6102,3.7907,1.7402,0.8046,0.6228,4.3007,1.5221,0.8229,0.509,4.2748,2.3268,1,1,2,2,1.973568595,1.974375091,2.204079173,2.21234039,4.840672255,4.840681737,5.324827985,5.324793023,1.4448
-1.3279097,-0.7225814,2.4840126,2.8567376,-0.945037,2.4559808,2.48026,0.7288172,1.1532773,-1.2873445,-0.17919475,-1.5014656,1.0914644,1.583027,1.3152986,-0.9248771,1.6751618,1.3865725,-3.885068,0.8370336,-3.6010015,0.17758374,2.5339231,0.7973528,1.4157535,0.56737274,0.36368626,-1.0131077,-1.4444476,0.94375205,1.7192478,-0.60772234,-1.0753112,1.4976592,1.4691797,-1.2140019,-2.4481423,-0.43869,1.7829881,0.9101063,-0.17936847,1.9384804,-1.4669387,1.1455593,0.6010962,-0.002252549,-0.5493361,-1.7798593,0.8649603,1.2196611,-0.32233062,-0.5821844,-1.5342844,0.5731962,0.07125543,0.40538442,1.084411,1.0372196,-1.9828777,0.26892498,1.599011,1.5334556,-1.9281688,-0.015176661,-0.81262827,-1.9369493,-2.713788,-0.2869541,-0.09093947,-2.6782107,0.46657628,3.4292636,-1.1297201,1.65903,-1.8149478,1.212986,-1.0135117,-3.1858976,0.41370112,-1.1580303,1.350625,2.8937244,-1.6186131,0.273824,-0.16659024,1.4055583,1.7297288,-0.26099488,0.7726722,-0.19697243,2.4504678,1.5608618,0.93070424,2.042961,1.5154295,-0.5388821,-3.58264,2.4723368,0.14911956,-0.5975573,-2.5219157,-0.5988519,0.14506538,0.071939245,3.1136847,1.0092055,1.7034233,-0.669802,0.741667,1.1865323,0.28927398,-0.098404504,1.702582,-1.2974796,-5.004588,-1.5818762,-0.30165434,0.43311256,-0.9856652,-0.17310312,-1.7881953,2.5859332,-2.4164262,-2.0582018,-0.7706025,0.29198444,1.8102148,2.1223736,-0.29842776,1.2637326,0.05136788,0.11757232,1.6438471,-0.28505895,1.3429911,-0.17430156,-2.3464458,0.16074938,0.25437814,2.207177,-0.8671112,1.4598802,-0.34579638,-4.226247,0.25306848,-2.662689,0.19893721,1.7975181,0.7137902,1.9365507,-1.4687139,-1.7320437,0.35626006,-0.19887668,1.4998736,5.0493646,2.0541148,0.59901786,1.9067786,0.16228406,1.232157,1.6047914,2.1785853,-1.7266552,-0.06486431,-2.374154,-2.2859297,-0.017058358,0.40481302,0.9713501,0.9842278,-2.455682,-0.3409304,-1.8771831,2.0011613,-1.4378414,-1.224454,2.2511373,-2.303082,0.07262421,0.10072064,0.27786765,-1.2717854,2.3770533,-3.2861466,-0.30663618,-0.15485922,-1.3310908,-0.9105993,-0.37738952,-1.5126077,-1.5823864,1.3505707,-0.08947273,2.0726993,-1.8811654,1.3162571,2.046178,0.7083887,-0.17121845,-1.2581348,2.1679168,1.3102919,-3.7121522,1.1943153,-1.4023994,-1.0323809,1.4526706,0.2086938,2.0780196,-3.8529787,0.5820692,2.0362012,1.1306791,2.5011656,0.22060195,2.6447835,2.9518092,0.14906555,1.2985644,1.1904562,0.077502914,-1.3923786,3.295787,-0.90468156,1.7742343,-1.8855009,-1.8817186,0.5061522,-1.4795461,1.043189,-0.8022089,-3.9853518,-0.5086482,1.3343637,0.2185033,1.7402074,-3.7606735,-1.1523472,3.674598,-3.4573593,3.154361,-0.20294467,-0.038747218,-1.1817083,-2.7587411,-1.9255033,0.81983924,1.2990823,2.5865085,-1.1051818,-1.5695376,-1.9354206,3.6705134,-5.631588,0.991385,5.4691033,5.080097629810592,5.252070253771577,4.9813807191266015,5.189785480499268,5.375663614,5,-0.206240636,-0.06686656,12.37070181,34.68,78.28000004,-7.103405267,2.63549,14.12128267,0.9161,0.5741,5.4125,2.7825,0.9402,0.4253,5.227,3.2286,0.8987,0.5729,5.1219,2.364,0.7593,0.6036,4.4237,1.9732,0.7761,0.5974,4.2371,1.6953,0.8153,0.5798,4.3735,1.9235,1,1,2,2,1.971868403,1.981391935,2.155445662,2.16914822,4.840215984,4.840401821,5.325426666,5.324813718,1.4448
-1.4675027,-1.1539688,1.0091612,0.43924707,0.06281051,1.4576689,0.39415568,-0.43209338,0.8378517,-0.3580553,-1.2719855,-1.1807898,0.66908556,0.76744556,1.6087307,-0.3535034,0.9173014,0.46389732,-4.1245575,1.3928211,-0.53049695,0.362024,2.9245117,1.4819301,1.0584183,0.8703118,-0.19427408,0.64040977,-0.9536147,0.09718194,1.6358073,0.4445262,0.25894082,-0.30559647,0.8319853,-0.79754895,-2.6155555,0.57438314,0.55166435,0.53476536,0.4369403,1.4234357,-1.1211929,0.010630786,-0.62032425,1.0645177,-0.12754306,-0.3296824,0.55062777,1.2593329,-1.3579607,0.26280946,0.38973132,-0.14540803,0.91074985,0.113871604,1.3759995,1.6622076,-0.8410067,-0.5462911,1.1866578,0.36628678,-0.32817367,-0.08440618,-0.09145333,-1.4964364,-2.182498,-0.12608866,-0.4989703,-2.4717999,0.20736901,1.0804316,-1.4563283,2.0026898,-1.0705204,1.1287191,-1.5440977,-2.1292868,-0.6056684,-1.4530323,0.4980081,1.5279304,-0.34223703,0.035322778,-1.0655539,2.705383,1.4672297,0.33027864,1.3026836,0.23625803,0.6993547,2.0378933,0.45226178,-1.4588315,1.4750876,0.891625,-2.2202353,2.0458384,-1.8851435,-0.17298323,-1.1668398,-1.4348562,-0.5960889,-0.081325255,0.9939388,0.6557338,1.1195716,-1.5911149,-0.59349114,2.010462,1.4302611,0.8025205,1.4465528,-0.30366558,-2.1059623,-1.1571422,-1.1716852,1.4860209,-2.3696666,-2.0159602,-0.71545166,1.4584715,-0.8596578,-2.5413542,0.6089431,0.64636546,1.2518735,1.2796425,-1.4221406,-0.30967167,-0.023250222,0.3599243,0.17459965,-0.4333299,0.9787818,0.8889256,-1.8605582,-0.06549714,-0.08152118,1.1907005,0.23102662,0.2007883,0.13642299,-2.138821,0.1505062,-1.8062233,1.4862666,0.07254082,1.5373474,2.1030674,-2.275155,-1.1369578,0.40481675,-0.5652233,2.112455,3.4778967,0.8295578,-0.6795673,0.9134214,-0.04083015,2.5897098,1.2998061,-0.2927667,-0.59060144,1.0274928,-1.4937731,-1.1938654,0.53068286,-0.970332,0.09353514,0.53541374,-1.4470701,-0.4339852,-1.1357982,0.88368845,-0.77223605,-2.2760186,2.8360386,-1.7291489,1.2849268,0.35153475,1.5622245,-0.35671684,0.37748373,-1.1494634,-0.10448925,0.73812157,-1.315364,-0.1894657,-0.065745175,-1.1818522,-1.889137,0.5851599,0.058854952,0.77092725,-0.87595904,0.77515906,0.66677487,0.49982947,-0.16842183,-1.4737264,1.4499303,2.1608562,-2.0859036,0.23038383,-1.7689906,-0.5604805,0.33113062,-2.0411806,-0.09523463,-2.8022034,0.2713868,1.3720068,2.2683167,1.3372552,-0.19040564,1.9157188,1.81558,-0.12282181,0.68737984,-1.0853875,-0.33734855,-0.7639404,1.6968683,-1.0801466,2.348248,-1.2968212,-1.5984197,-1.7068897,-0.40021902,-0.06576051,-1.0883582,-1.863345,0.87003887,1.9616271,2.6337116,1.6146847,-2.0245838,-2.089097,3.796778,-2.0555787,1.6005378,0.99083,0.031150583,-0.60376364,-1.9696828,-2.4082394,1.54453,0.2789547,0.843529,-0.6177748,-1.5598438,-0.80298066,1.9345819,-5.181212,-0.23743379,5.527206,5.138174420739224,5.34767633813336,5.1502293154274685,5.388617992401123,5.363177902,6,-0.207178051,-0.068215399,12.89519557,30.03999997,79.78999997,-6.991136889,2.64298,14.12128263,0.9173,0.5639,5.454,3.0192,0.9439,0.4158,5.2294,3.2861,0.9002,0.5491,5.1876,2.768,0.765,0.5959,4.4767,2.1205,0.779,0.5988,4.2983,1.6501,0.8138,0.5563,4.3822,2.1998,1,1,2,2,1.970955859,1.981651332,2.155563267,2.165775612,4.840221123,4.840453512,5.325443162,5.3247995,1.4448
-1.2359251,-0.7687588,1.9347101,2.0913718,-0.9584819,1.8165177,0.9422615,-0.18390773,1.5974339,-0.3456858,-0.09759593,-0.31982678,0.80297375,0.69441545,1.0725524,-0.6990226,1.2247933,0.60164297,-4.3704123,0.6283296,-1.9186976,-0.21235403,2.454536,1.4175658,0.8318829,1.2350696,-0.6861416,0.32930213,-0.85774535,0.13420641,2.1080208,-0.81872773,-0.2987555,0.74317175,0.40566587,-1.5399054,-1.9825127,0.7404351,1.4498906,1.690562,0.743088,1.6398759,-1.2166086,0.84424806,0.3573774,0.7661243,-0.08704382,-1.6584038,1.3447648,1.3853962,-2.087047,-0.98457646,-0.5950309,0.38739955,0.45661998,-1.2255124,0.70979273,2.8093836,-1.6331351,0.93057215,1.6430593,0.85273254,-0.6031281,0.4494627,-0.77037823,-2.425475,-2.5223691,0.016771384,-0.29175043,-2.7995124,-0.9436117,2.6014514,-0.96095276,2.0197558,-0.5395513,1.3141177,-2.0843854,-2.7380357,-0.322903,-1.6893346,1.4077936,1.2020831,-1.2882314,0.72878915,-0.83377624,1.5706532,1.6985546,-0.37367693,1.4505991,0.00554207,2.3524947,1.511656,0.68687594,0.93206996,1.3917882,0.38642597,-2.7483552,1.7805346,-0.80476886,-0.11707031,-2.1334872,-1.4982207,-0.6616324,0.020392656,2.06794,1.452999,1.1704233,-0.715658,0.573731,1.4122121,1.1714045,0.32584107,0.012937762,-0.91633964,-3.942759,-2.3769357,-0.7115958,0.38335618,-2.359767,-1.3874159,-0.8510584,0.51726204,-2.0085194,-2.3887918,0.06854959,0.391112,0.9931819,1.8178937,-0.48016492,-0.025597632,0.97896427,0.3186236,1.5238507,0.3698371,0.41126415,-0.70724845,-1.9577204,-0.00296077,0.31899107,1.4326063,-0.67091864,0.7509706,0.34439868,-2.0409012,-0.18933386,-2.5398943,0.6342572,1.4349912,1.0501441,1.9852902,-1.2251363,-0.9918099,0.113152206,-0.9395668,1.9018338,4.0318327,1.1280253,0.3184548,0.8946575,-0.5943686,1.667638,1.1931523,1.1920182,-1.595176,0.26863092,-2.486656,-1.1191304,0.29622844,-0.017145261,0.7477392,0.31780255,-2.35444,-0.49704382,-0.060255546,0.30591488,-1.1165876,-0.8971146,2.09437,-2.1663737,0.4468083,0.1091617,1.938441,-1.1660324,1.1478829,-1.2732973,0.57430077,0.42338765,-0.7381573,-0.47929794,-0.03637419,-0.9075961,-0.41232368,1.8358879,-0.07449986,0.7423442,-1.0427498,1.0002699,1.6521667,1.0678885,-0.3593323,-0.43121126,1.1042669,1.8076351,-2.061444,1.345443,-1.0301887,-0.35044488,0.9873482,-1.0392646,-0.58462656,-3.2220595,0.23261337,1.9615483,1.6135422,1.6182548,0.03604245,1.7419238,2.906305,0.17887343,1.6984707,-0.19427136,-0.7496006,-0.9894229,2.2576585,-1.1114473,2.482294,-1.3939368,-0.95200324,-0.3963795,-0.648362,1.6579843,-0.8182992,-3.5782251,-0.006283924,1.5076092,1.0228014,2.2492745,-2.843911,-1.2161161,2.9274085,-2.6200445,3.957921,0.1044984,-0.36040154,-0.08883433,-1.9996885,-1.8308594,1.3780073,1.2460417,3.3886502,-0.4096105,-1.1997491,-1.3590922,3.3141408,-5.1500387,0.9055332,5.3510284,5.122866188466968,5.092333584428382,5.0779810805186925,5.213376522064209,4.83069473,7,-0.203635668,-0.059858881,9.917906,28.70000001,75.70000012,-7.654303236,2.6251,14.12128247,0.9198,0.6384,5.3594,1.9951,0.9099,0.5276,5.234,2.6205,0.8861,0.6078,5.0112,1.3872,0.7293,0.6388,4.1818,1.8079,0.8122,0.6406,4.5216,1.3916,0.8241,0.5632,4.5657,2.0896,1,1,2,2,1.977413968,1.990188182,2.162397974,2.164717765,4.84022294,4.840423636,5.325366808,5.324746713,1.4448
-2.2239652,-0.22456312,1.1896906,0.74355364,-0.60496813,1.5446604,0.12531704,0.00220263,0.34620976,-0.42705962,-0.35060805,-1.3524532,1.049233,0.4559884,2.1150556,-1.3544028,0.71875036,-0.12689616,-3.7412667,1.6256787,-0.23568079,-0.2729613,3.4668133,1.6109147,1.3662771,0.69223255,-1.0531325,1.4108496,-1.0646114,0.7799855,1.7260127,-0.08266343,0.9322498,-0.8428313,0.19300319,-1.3348705,-1.7924237,0.2883496,0.3496758,1.2609713,0.2610892,1.3708214,-1.1311626,0.94062114,0.11646287,1.440738,-0.23074463,-1.2039487,-0.1731032,1.5761197,-2.037111,-0.13104156,0.67557883,0.13663648,0.60448253,-0.23373047,1.0369065,1.7471367,-0.6791317,-0.42040297,0.7978711,0.26572505,-0.21904975,0.03325039,-0.5568726,-1.5032824,-1.4113948,0.1617301,0.29157084,-2.1734533,0.1155083,0.9955559,-0.48350936,1.919856,-1.7152008,1.5471107,-2.373708,-2.3842766,-0.04326752,-1.3640335,1.2437445,2.0993447,-0.67881364,-0.19837086,-1.2755281,2.0290663,1.7242792,0.4620645,1.878288,0.41189492,1.5555716,2.0479407,0.32588848,-1.4731435,2.1157298,-0.000904381,-1.7447283,1.6171291,-1.4473231,-0.8243726,-1.2739085,-1.5489986,-1.1198752,-0.04463689,1.036262,0.5345174,1.0952728,-1.2861841,-0.4217363,2.1968822,1.4524564,1.5322285,0.4702618,-1.2018924,-2.4377744,-2.2635977,-1.0613003,0.39383155,-2.216986,-2.298148,-1.0436718,0.6263763,-1.3926463,-2.3404438,1.2198193,1.2446933,1.3529563,2.246763,-0.6587247,-0.4851422,0.36734843,0.59923565,0.7376434,-0.17291643,0.42193475,0.067085385,-1.4580157,-0.15167,0.036766052,1.264523,-1.0121688,-0.27790594,0.652837,-2.6922426,-0.7949964,-1.4150776,1.0628767,0.24427041,0.93343496,2.0006385,-3.278462,-1.0238023,0.19765404,-1.0102665,2.5443425,3.2449927,0.567384,0.6465558,1.790343,-0.4589635,2.4638064,0.9688164,-0.82030714,-0.8457558,0.7284283,-2.0452995,-1.8348473,0.72847825,-0.7285844,-0.11561161,-0.7941925,-1.1824982,-0.3228592,-0.38725203,0.8976336,-0.15464914,-0.9565005,2.3638434,-2.3705819,1.3030784,0.17892545,1.5211824,0.09215708,1.0706743,-1.6279151,0.141385,-0.43059227,-1.0767831,-0.027603503,0.83665377,-0.7330133,0.031057231,0.7186027,-0.32181332,0.8917792,-1.6880702,0.69398165,1.2054288,-0.1067054,0.54778326,-0.685282,0.8989911,2.2766418,-1.198267,1.5342255,-0.82014894,-0.23816544,0.57151455,-2.4398348,-0.4319214,-3.1656334,-0.3970388,1.6587644,2.665036,1.022888,-0.06921187,2.1895843,0.6890284,0.1310446,1.7305723,-1.4571329,-0.08798888,-0.2872771,1.351721,-0.5135126,1.6925201,-0.55584544,-0.86114424,-2.01464,-0.2533054,-0.03486602,-1.9598875,-2.0548081,1.2996719,1.7796898,1.9611944,2.0332377,-2.464774,-1.3475631,4.0114684,-1.7429484,2.4263902,0.92441994,-0.8561984,-0.5457522,-1.7218975,-2.2379162,2.3059247,1.5598495,1.8451266,-0.3160243,-1.173674,-1.0856556,2.3459096,-5.456659,-0.06656951,5.4457736,5.138168606614029,5.215703025956494,5.240566234026568,5.188807010650635,5.009545318,8,-0.201818703,-0.058371513,10.25690866,24.08000001,91.89000014,-7.279253838,2.6332,14.12128242,0.9309,0.609,5.3282,2.2909,0.876,0.6013,4.8631,1.6535,0.8806,0.6346,5.1698,2.2554,0.731,0.6122,4.1838,2.1362,0.8297,0.6068,4.4955,1.9824,0.83,0.6159,4.7191,1.8588,1,1,2,2,1.976879865,1.985695344,2.162186393,2.172382333,4.840252901,4.84036404,5.325280717,5.324756209,1.4448
-1.5869337,-1.394158,2.4666643,1.2336694,-0.881337,2.9561913,0.5286483,-0.39623183,1.127453,-0.5749767,-1.1464738,0.13083062,2.3638124,0.7698207,1.6456243,-1.3325312,1.4883305,1.1651295,-4.2822766,1.4210575,-1.4708914,0.111114115,3.6625698,1.338921,1.4995209,-0.09510122,0.19594474,1.8970068,-0.4602516,1.2180544,1.7096175,0.68461496,0.2305267,0.7452831,0.6513536,-1.1783806,-1.9221166,0.5702592,1.2477572,0.80776894,-0.3330694,2.99766,-0.5419206,-0.28837797,-0.7016239,1.1701779,-1.262854,-1.3135785,0.16518936,1.3658067,-1.9071867,-0.42304778,-1.0847644,-0.47983268,-0.3085947,-0.73279256,2.4318426,3.478242,-1.4158146,-0.10514316,1.8938211,0.669935,-0.20598346,-0.36702102,-0.9744487,-2.8876455,-2.4551756,-0.05126065,-0.19723508,-3.9276543,-0.2832107,2.1720805,-2.363474,1.8711892,-0.7587826,1.7461624,-2.814655,-3.0035174,-0.48380908,-2.345431,2.0910037,2.2579327,-1.7759452,0.8499591,-1.1434094,1.4450092,2.3867307,-0.688097,1.6986389,-0.6671041,1.5946507,2.1765926,0.62208474,1.0770508,1.4162358,0.38449174,-4.73627,1.779543,-1.7287024,-0.33611673,-1.7377965,-1.4104983,0.26712415,-0.44480857,2.347803,1.4750552,1.4948349,-2.1171606,1.3734875,2.8392193,-0.19717267,0.69573593,0.7083934,0.3905692,-3.968943,-2.5309305,-1.4383364,1.8398448,-3.5146525,-1.8590747,0.26838827,2.314361,-1.6895683,-3.9636624,0.16215712,-0.40294284,1.4499836,2.5664022,-0.58992165,0.55658627,0.064169556,0.69963413,1.2688262,-0.1405232,-0.7146821,-1.142123,-3.6894646,1.6347555,-0.4287518,3.4520338,-0.8298747,-0.3973214,0.48130107,-1.5250912,-0.4780348,-2.9296288,1.6233151,0.39099988,0.94380665,2.4458697,-2.5666704,-0.43650836,0.38755238,0.1511392,0.70035404,5.069002,0.6871693,0.48207995,1.2240084,-0.11888903,1.4672049,0.993441,0.65111524,-2.0160213,0.5796838,-3.3668244,-1.5411001,1.4777029,-1.8419341,1.0746979,0.073504835,-2.207776,-0.3880265,-0.7243556,-0.022468254,-1.4109951,-1.3992217,1.8746042,-2.1775005,0.61888754,0.038731124,1.380925,-1.7434436,2.6646702,-1.7530344,0.6308319,1.0645785,-1.8709389,0.23042087,-1.0959092,-1.0513515,-1.6266038,1.3753005,0.28830975,1.1152455,-1.9034067,0.9302558,0.78290844,2.2199342,-2.0555258,-2.0550206,2.6948342,3.1744504,-2.736667,-0.037091196,0.0325123,-0.6903404,0.4041549,-0.70231354,1.148106,-3.6899955,-0.36005622,1.8708549,1.9639364,2.825709,-0.15374929,2.7454865,3.3975327,1.4317772,2.645564,-1.1448325,-0.061545726,0.077203125,2.6116643,-0.96692145,2.7564013,-1.3099122,-1.4302677,-1.6256351,-0.62916017,0.7871936,-1.9372482,-2.5708191,-0.113939255,0.70473176,1.4258193,3.091945,-3.8972924,-0.80706704,2.8820114,-2.1387758,2.7248585,0.41803715,-0.39147446,-1.0862473,-3.0304651,-1.9894471,2.80796,-0.4432042,2.5990846,-1.457121,-1.9783108,-2.4189153,3.3875058,-5.559997,0.29702216,5.51772,5.123222050868578,5.4967757110498745,5.370677488622311,5.446727752685546,5.426511261,9,-0.203733759,-0.083139369,13.41020527,116.3600002,301.0500003,-7.167692491,2.33099,14.12128352,0.9581,0.372,5.2601,3.7865,0.894,0.4809,4.7001,2.7422,0.9365,0.3818,5.3104,3.6054,0.9141,0.3768,5.0089,3.7153,0.809,0.4804,4.2486,2.6997,0.7978,0.4552,4.4816,2.7751,1,1,1,2,1.991032144,2.036686279,2.075885594,2.138419977,4.840405931,4.840239938,4.842040216,5.325082709,1.4448
-1.582917,-0.44316795,1.4653118,1.9512991,0.20749353,2.186647,1.431692,1.4115003,0.8789921,-1.5396775,0.03217148,-0.5644392,1.9444432,1.4167401,0.586725,-0.74348646,0.6758314,1.344796,-2.887836,0.57218003,-2.6946375,0.55917186,4.9474354,0.64060307,0.74004585,-0.053999007,-0.021483943,0.029000208,-0.7626697,0.7622045,1.9860574,1.0697984,0.54599005,0.9268442,0.90403116,-0.11151237,-1.5718385,-0.3836675,0.64915675,1.0404934,-0.3009007,2.5938823,-1.2830789,-0.41199186,-0.38639253,0.6732087,-1.7483188,-1.1404462,0.52921754,1.5394236,-0.61059535,0.3672551,-1.9799243,-0.039493516,-0.44625437,0.13862571,1.3957868,0.9344652,-0.8737711,0.1660544,1.5014497,-0.3118213,-0.230328,-0.2353587,-1.0856926,-3.4931054,-1.4029901,-0.68045515,2.021896,-2.7361407,1.1686182,1.7546812,-2.4088151,2.3214796,-1.7852906,0.51296794,-0.86329913,-2.969457,0.74692464,-1.3489621,2.359222,3.1358914,-1.1460973,0.44142577,-0.20275319,1.3066366,1.8543259,-0.9484064,1.3735878,0.1177077,2.3290622,2.0735748,1.7069123,1.1855644,1.6857135,-0.28057158,-3.377577,2.3938203,-1.7785376,-0.04807304,-1.8336592,-0.77689224,-0.08697897,0.20223892,3.6123564,1.0866752,2.0061867,-1.0943053,0.58124846,2.6843815,0.11999282,1.0042223,2.527698,-0.329828,-6.323759,-1.1047347,-0.9844978,0.5752429,-2.148764,-0.46375448,-1.8897735,3.3796077,-2.3669407,-2.9270449,-0.027376987,-0.078296974,2.6306174,1.887895,0.61440134,1.4319439,-1.2463055,-0.16254267,0.6197185,-0.1828425,-0.2372448,-0.5631901,-2.8441005,1.8845373,0.6747271,2.6018538,-1.6754177,-0.117832035,-0.0939411,-2.9548829,-0.34737286,-2.9725394,1.277613,2.3652318,0.16212137,2.2820964,-2.0309792,-2.2200239,-0.30263922,0.76479495,0.3897731,4.776262,0.75677884,-0.4842953,3.2263446,2.2509494,1.1602443,1.3466604,1.2133617,-1.0564835,0.4102831,-2.324882,-2.4367943,1.207863,-0.11262253,1.5479113,0.1700349,-2.1502116,-0.022333108,-1.5106629,1.020734,-1.2430756,-2.1149514,1.3831013,-1.7467655,0.29867318,-0.42938966,-0.76837564,-0.07046896,2.4461226,-3.4862018,0.21237586,0.6715231,-1.307038,-0.28074676,-0.34695396,-1.8449756,-2.135855,-0.46274656,-0.24968493,1.8762113,-2.9910598,0.42463306,1.1442783,1.6337512,0.54376906,-1.8055513,3.0457253,1.3456336,-4.0894227,1.1209474,1.1477761,-0.69252574,0.32639158,0.15994544,2.667724,-4.900986,-0.06721163,0.9315984,-0.013076454,2.6574204,0.34319484,2.6453083,2.3485756,0.46725804,1.340238,-0.6836782,0.2856927,-0.68198353,2.7804952,-0.09397717,2.3265243,-2.5616791,-2.2084725,-1.5730124,-0.8187534,0.39339846,-0.5373094,-3.4868052,0.35666996,1.3208675,-0.09712267,1.9889189,-3.8446743,-1.3074069,2.7395942,-1.4482697,2.3283117,-0.33646482,0.5257294,-1.4746183,-2.7079847,-1.5462253,2.3051186,-0.32662293,1.7594587,-0.000552576,-1.2802637,-2.443608,2.2190614,-5.545564,0.6896548,5.522006,5.080297861100879,5.571946748792458,5.423288185294192,5.549164772033691,5.484299839,10,-0.203020261,-0.062936701,12.80347488,41.46000004,116.3000001,-7.439293944,2.65049,14.12128427,0.9263,0.5671,5.3783,2.5527,0.9278,0.4858,5.2147,2.9387,0.9038,0.5631,5.1667,2.0498,0.7623,0.5903,4.4007,2.1044,0.8026,0.6159,4.4171,1.7357,0.8143,0.5463,4.3643,1.9338,1,1,1,2,1.998287517,2.013840361,2.060981562,2.172737214,4.840417865,4.840336453,4.842069335,5.324833682,1.4448
-1.5031613,-0.7356518,1.4863762,1.6441599,-0.01729691,2.28098,1.0947211,0.8611443,0.82629377,-1.014287,-0.3538211,-0.31551066,2.0290391,1.2405914,0.65788394,-0.94393593,0.8433336,1.660584,-2.9175131,0.49506682,-1.9050004,0.47843313,4.1861506,0.6968738,0.8283207,-0.37118024,-0.289564,0.2711299,-0.962252,0.7514508,1.5833129,1.1289656,0.5671643,0.44706744,0.6534283,-0.5892871,-1.3524029,-0.08797037,0.7719432,0.8462843,-0.6266118,2.4379904,-1.3122635,-0.5426328,-0.45637298,1.0496314,-1.3297064,-0.8318166,0.4748186,1.5356854,-0.78010964,0.1475546,-1.8339523,0.27401572,-0.349001,-0.055592626,1.239229,1.2995447,-0.8421958,0.2701386,1.1946987,0.123277485,-0.026916131,-0.37147826,-0.7322502,-3.030887,-1.7861191,-0.5576681,1.399379,-2.6277227,0.919767,1.604214,-2.1189215,2.0053878,-1.4034439,0.7987492,-1.1595764,-2.8549938,0.3630541,-1.4201636,2.0976164,2.3835845,-1.2890925,0.3028069,-0.42436856,1.2257309,2.1860995,-0.58128554,1.0301352,-0.37960687,1.9912964,2.0654411,1.4314456,1.1090113,2.0873666,0.21624613,-3.2878523,2.078887,-1.5828714,-0.3436897,-1.836219,-0.5333239,-0.10526557,-0.05277156,3.1097026,1.0461152,1.7950063,-1.0981741,0.92599547,2.3068173,0.03056366,0.6900931,2.0896826,-0.24693842,-5.149811,-1.4113796,-0.8733958,0.81275904,-2.1736193,-0.70996535,-1.4648317,2.8693671,-1.9465396,-2.8301263,-0.32710057,-0.18307401,2.0802007,1.7030622,0.38417882,1.5105644,-0.7410916,-0.3292362,0.77899384,0.107528895,-0.1906656,-0.5857366,-2.70178,1.2443397,0.3717074,2.1779563,-1.502233,-0.14269686,0.08241786,-2.4558413,-0.37507594,-2.7120118,1.1906382,1.8166604,0.11863612,2.2197714,-2.3108048,-1.969695,-0.14578769,0.4365947,0.49856177,4.6349854,0.7285918,-0.17303428,2.8354049,1.6295307,1.0448545,1.2103528,0.98597926,-1.3642267,-0.036696866,-2.2082267,-2.146031,1.1528907,-0.6252128,1.3766291,-0.16035816,-2.0194218,-0.2861601,-1.4011745,0.6577982,-1.1944175,-1.7769612,1.5722035,-1.6375787,0.6088151,-0.6261382,0.035285085,0.017860528,2.5034842,-3.1787186,0.057142064,1.09877,-1.6257648,-0.1611039,-0.25286305,-1.6062771,-1.4374555,-0.2923329,-0.6740106,1.6756687,-2.3013678,0.3157068,1.2467769,1.4500625,0.3529,-1.9025549,2.6961093,1.5783783,-3.7088418,1.1138002,0.9081466,-0.35860446,0.67800224,0.12966399,2.1318798,-4.1384444,0.08391631,1.2026471,0.35071778,2.5518208,0.28558522,2.6759365,1.8642986,0.7061106,1.3816948,-0.7566198,0.41409978,-0.5789442,2.7782917,0.025698364,2.310664,-2.1760302,-2.069271,-1.3587044,-0.6058909,0.55537444,-0.6360513,-3.2404573,-0.056099474,1.0016339,0.22686073,2.0017185,-3.1217558,-1.1735793,2.7497404,-1.5546013,2.2178707,-0.09919917,0.65462726,-1.1576662,-2.2553368,-1.4201459,1.8414071,-0.21233161,1.8101661,-0.33860514,-1.2550737,-2.2029116,2.2947295,-5.2388372,0.74020183,5.7103057,5.098672663722935,5.57703409354143,5.461380068853702,5.609450340270996,5.480006943,11,-0.203427923,-0.066679523,12.62159165,30.33999997,129.4800001,-6.866613336,2.65716,14.12128438,0.9461,0.4866,5.6259,3.3038,0.9149,0.5374,5.3236,2.8457,0.9104,0.5336,5.2862,2.4861,0.7849,0.5227,4.5755,2.8366,0.8261,0.5509,4.7251,2.5238,0.8018,0.5402,4.3871,2.2439,1,1,1,2,1.997074861,2.014396684,2.059705561,2.170584483,4.840402532,4.840333054,4.842063021,5.324864942,1.4448
-1.3609682,-0.19982821,1.2820851,1.6172577,0.14434622,1.9628322,1.0103148,0.5781633,0.8937916,-1.2210681,-0.20795181,-0.2839234,1.8155843,1.1970388,0.71275866,-0.5379104,0.8068951,0.9505483,-2.86063,0.25882038,-2.2068872,0.5370405,4.311898,0.7412522,0.7167332,0.4170862,-0.42002505,-0.027842537,-0.6521767,0.684754,1.7462019,0.9873298,0.5510284,0.7754044,0.32942197,-0.6003907,-1.4899555,0.1388587,0.4475344,0.99152553,-0.12206647,2.3455746,-1.4089503,-0.34607735,-0.2986933,1.0223343,-1.5112028,-0.86569524,0.5070814,1.436998,-0.748605,0.4992097,-1.9543772,-0.24748111,-0.50557727,-0.06228838,1.5339994,1.1795918,-0.8117673,0.32991466,1.3113449,-0.21382156,-0.09263942,-0.18908514,-0.93551755,-3.0418978,-1.3639601,-0.5948861,1.5098203,-2.4404898,0.8782526,1.5408888,-1.8236188,2.0763261,-1.4194238,0.43513072,-0.86691684,-2.7579358,0.61149955,-1.1918464,1.9151725,2.536419,-1.0409521,0.15816987,-0.06285535,1.2901875,1.7815701,-1.0105916,1.2144799,0.11695492,1.8438412,1.9319454,1.3887367,0.95704013,1.4622254,-0.4205233,-3.0745385,2.0795107,-1.8061984,-0.38039893,-1.5858954,-0.5695231,-0.11059742,-0.028924078,2.962776,0.78481334,1.6478629,-1.0861025,0.7025461,2.0774493,0.15613908,0.7586491,2.038854,-0.24531959,-5.5413117,-1.0795432,-0.9465717,0.8154292,-1.8830063,-0.7064245,-1.5523472,2.747023,-2.0634863,-2.7481475,0.20302257,-0.2273307,2.0268989,1.5478129,0.40340248,1.554966,-0.41109332,-0.20240864,0.7273812,-0.11100471,-0.37500456,-0.62986904,-2.6651843,1.2421707,0.8859447,1.9214854,-1.4051884,0.046270683,0.29951644,-2.4461386,-0.052099943,-2.3501365,1.315036,1.6961861,0.24941875,2.0260396,-1.8964767,-1.8134043,-0.3197627,0.544598,0.33723,4.3711643,0.6222866,-0.28657213,2.4448793,1.839868,1.0927653,1.5660214,1.0351342,-1.2867062,0.27306238,-2.4408612,-2.0736504,0.97383904,-0.6130264,1.3648494,0.07230008,-1.9894912,-0.119601406,-1.2047766,0.87374145,-1.2430842,-1.8347049,1.36532,-1.5315393,0.42225465,-0.4362191,-0.079794794,-0.050997898,1.9896451,-2.778104,0.006935805,0.6196582,-1.3482237,0.050777305,-0.641617,-1.4315633,-1.5935547,-0.2535873,-0.5455088,1.478585,-2.5572267,0.35693946,1.081179,1.6692963,0.5163431,-1.7498295,2.7035303,1.4644037,-3.5891593,1.2585794,0.63130015,-0.6653342,0.46952546,0.255115,2.170701,-4.188954,-0.1548119,1.0103016,0.10877903,2.196368,0.49814314,2.4663212,1.87156,0.7060741,1.1750365,-0.7010124,0.122566596,-0.8326908,2.3411748,-0.09877676,2.1887465,-2.0705173,-1.9940758,-1.4339973,-0.6963636,0.778713,-0.41684008,-3.1852503,0.06727712,1.1362864,0.17077167,2.1827998,-3.2380712,-1.2250288,2.6591814,-1.2369317,1.7475591,-0.22044647,0.5863025,-1.0905242,-2.0982885,-1.552727,1.8612788,-0.30910015,1.776551,0.003702503,-1.1145496,-1.6761708,2.2750454,-5.4922647,0.8442974,5.7029552,5.0855749092103135,5.329597939960448,5.253076562623606,5.411259174346924,5.51054501,12,-0.203285565,-0.065685187,13.00676112,32.39999997,123.4900001,-6.835434618,2.65679,14.12128436,0.942,0.5044,5.587,3.1469,0.9178,0.5333,5.339,2.85,0.9084,0.5435,5.2722,2.3578,0.7772,0.5364,4.5217,2.7005,0.822,0.5639,4.6714,2.3834,0.8071,0.5435,4.4122,2.1918,1,1,1,2,1.997767003,2.013386699,2.059367864,2.173110444,4.840409251,4.840346808,4.842047635,5.32484449,1.4448
-1.1371503,-0.96292174,2.883788,1.9065497,-1.1196434,2.0425382,0.7704163,-0.8716672,1.5229249,-0.6433281,-0.9839388,0.25947824,2.0782878,0.79490215,1.5770904,-0.72357553,1.6893002,1.2526255,-4.0069084,0.7408287,-1.5984061,0.20158236,2.566537,1.5949847,1.2116024,0.71637684,-0.7217247,1.5273749,-0.6482946,0.42339662,1.9795896,0.09395891,-0.4622026,0.8269521,0.44110852,-1.2061852,-2.4289527,0.90330327,1.7650805,1.5729973,0.16172394,2.2213595,-1.0439167,0.25872257,-0.3717096,1.1284099,-0.5570954,-1.140924,1.0420883,1.8016043,-1.8923023,-0.94452566,-1.4007133,0.5940072,0.14119336,-1.2264796,1.2960442,3.4284673,-1.0164921,0.793857,1.835202,1.3157251,-0.40742704,-0.3277701,-0.7929971,-2.5067704,-2.754202,0.51808894,-0.6660354,-3.5638924,-0.3570885,2.9195235,-1.9159306,2.0479426,-0.20479785,1.5289785,-2.6684387,-2.9802592,-0.23734593,-1.9804137,1.9676143,1.2544849,-1.5085394,0.7281967,-0.7693064,1.1987382,2.2464437,-0.60154223,1.0040046,-0.5067716,2.1637042,2.184607,0.70423675,1.3782767,1.5945716,0.66284907,-3.7713223,1.3795228,-0.8923166,-0.019434035,-2.3891969,-1.4608835,0.07785304,0.10044432,2.2628064,1.3572034,1.6639261,-1.4277161,1.4355772,2.4826632,1.0466803,0.3267148,-0.017819196,-0.42952138,-3.9645598,-2.260148,-0.87540567,1.0710325,-3.296996,-1.7402134,-0.10981931,1.0131776,-2.001764,-3.3249907,-0.5085806,-0.5967128,1.0977361,2.3069835,-0.8795361,1.0641336,0.74784,0.5652502,1.5384655,0.5493917,0.3132672,-1.0485032,-3.1363416,0.003786059,0.069112435,2.4524665,-0.4859366,0.26161665,0.60526305,-1.4049957,-0.3140326,-3.2866523,1.3707545,0.9774247,1.0920085,2.0288298,-2.3054795,-0.7168514,0.2000198,-0.8319364,1.6300582,5.0192866,1.2448237,1.2254181,1.4141595,-0.3777086,1.4277319,1.117328,0.7492701,-2.1364446,0.05174288,-3.0586681,-1.333188,0.8387389,-1.1676978,0.6209215,0.21410011,-2.941317,-0.10824597,-0.49253553,-0.000916436,-1.5844508,-0.29731232,2.2351937,-2.3097408,0.30953404,-0.53625274,1.7646041,-1.9947655,2.1489208,-2.1894844,0.4133979,1.220857,-1.4744993,0.04328542,-0.42433754,-0.8829056,-1.1987836,1.8026733,0.12491518,1.2953478,-0.9937765,1.428236,1.0073913,1.6902653,-1.5770013,-1.6692474,1.9199617,2.9700046,-2.497397,0.91335756,-0.5912223,-0.07245156,0.7843411,-0.5402035,0.31912675,-3.2607005,-0.54135627,2.4903996,1.939504,2.3667588,-0.27003446,2.3705943,3.107318,0.73603386,2.2666388,-1.1642267,0.015332079,-0.31796813,2.9062088,-0.9930638,2.5162582,-1.7062598,-1.0752465,-0.9515767,-0.7318045,1.8703191,-1.6768429,-3.4713755,-0.4700321,1.3224396,1.3528448,2.6378825,-3.2348096,-1.3179923,2.9831047,-3.137325,3.7306,0.22843832,-0.092279464,-0.46785063,-2.5804358,-2.0635562,1.7971624,0.22247648,3.6792974,-1.5146242,-2.0371847,-1.6379842,3.8765378,-6.111086,0.48534828,5.3870645,5.1149679211202095,5.371895050486254,5.349579209857672,5.455090522766112,4.879669206,13,-0.208621123,-0.092458283,8.87258937,56.02999997,307.62,-7.046098229,2.01438,14.12128319,0.8949,0.4853,5.0363,3.8054,0.9204,0.4401,5.7926,4.444,0.8419,0.66,4.999,1.6461,0.8042,0.5308,4.3053,3.2508,0.7816,0.5976,4.5292,2.5854,0.8328,0.5252,4.8385,3.4497,1,1,2,2,1.969040629,1.987498176,2.11796152,2.201871023,4.84066135,4.840216933,5.324889284,5.324811867,1.4448
-1.0716686,-1.111252,3.1935103,2.156636,-1.3718151,2.3561337,1.1194743,-0.77343434,1.559423,-1.3830202,-0.53318375,0.04046982,1.8359797,0.6989964,1.8960977,-0.33250034,1.7964808,1.2906933,-4.5392494,1.2626188,-2.0467007,0.05134599,3.1699996,1.7142928,1.4593052,0.9690209,-0.65667963,1.2792526,0.000243545,0.5446906,2.3741777,-0.14003082,-0.903651,1.4760125,0.43216157,-1.1623746,-2.4722917,1.0002731,1.8652564,1.5996206,0.96178436,2.2939205,-1.1842121,0.3867212,-1.1181575,0.25697184,-1.1395872,-1.6727734,1.3093756,1.675215,-2.188022,-1.0508177,-1.6820871,0.4394273,-0.41491663,-1.8099918,1.7540122,3.929791,-1.8536284,0.6072254,2.513143,0.6439742,-0.8533584,0.039604865,-0.19861586,-2.8997881,-2.7419667,-0.23922627,-0.8945802,-3.971705,-0.7525288,3.4192743,-1.7167339,2.2168925,-0.081048205,1.5384238,-3.0097926,-3.3627129,-0.33017555,-2.4274483,2.1585557,1.3377439,-1.8533942,0.98424095,-0.014779702,1.6006064,2.1106546,-1.6660944,1.2101848,-0.45109296,2.3699417,2.0770273,0.8056375,1.6007923,1.185496,0.44232297,-4.5659156,2.0337727,-0.61642706,0.43051142,-2.2212846,-1.4370494,0.7234582,0.28967667,2.3465507,1.1897182,1.5140975,-1.518599,1.4224919,2.4173555,0.8261261,0.16306818,-0.109920934,-0.4583327,-5.064997,-2.3433537,-1.0743423,1.2916518,-3.705628,-1.1737581,0.39631,1.453274,-3.0927348,-4.018327,0.19404665,-0.7338613,1.2287192,2.45402,-0.8868983,0.9124111,1.0623169,0.67496055,1.9640825,0.79093516,0.20481083,-1.3233781,-3.7305121,0.46124867,0.5958783,2.8029778,-0.44862542,0.6986079,0.28504342,-1.6728495,-0.07630342,-3.6211162,1.5301178,1.4979897,1.3224066,2.1903174,-1.8299236,-0.4846819,0.1995214,-0.8288556,1.6672993,5.0260634,1.2456985,1.5246806,1.6886934,-0.47328413,1.2136931,1.2865744,1.4176316,-2.4208908,0.069239154,-3.4275308,-1.6103377,0.7444131,-1.1117787,0.5886,0.89927757,-3.5045326,0.09805211,-0.4273504,0.071700275,-2.1389508,-0.47712153,1.7937329,-2.3393166,-0.12571813,-0.16593048,1.3752611,-2.4409816,2.2284775,-2.1385605,0.7800169,0.92234176,-1.8293208,-0.116418906,-0.61537546,-0.75979936,-1.7731476,1.9093745,0.61811125,1.3842989,-1.5551119,1.564031,0.9825554,1.9523578,-2.1416814,-1.1852555,2.445006,3.5121837,-2.711296,0.8699262,-0.58448166,-0.8023467,0.6854873,-0.66380596,1.0739352,-3.7390695,-0.90583646,2.4678266,1.520424,2.196091,-0.6574782,2.7742236,3.8718526,1.082042,2.2324336,-0.8289175,-0.07383079,0.04486808,3.1033962,-1.1150956,2.9568276,-1.7209449,-0.78772056,-0.9452568,-1.2407775,2.0547307,-1.726296,-3.689159,-0.43620867,1.7727484,1.2010322,3.2090616,-4.047637,-1.6236315,2.8390732,-3.1155841,4.398653,0.04452689,-0.4629178,-0.51716006,-3.3334637,-2.4937842,2.5015614,-0.1496145,3.8623085,-1.5437585,-2.3788836,-1.7686464,4.4205437,-7.032253,0.7115787,5.3445263,5.11143653246716,5.340331746404028,5.197860660428825,5.290163993835449,5.152288344,14,-0.209355682,-0.087796742,8.43218392,51.49,272.7600001,-7.266002889,2.14012,14.12128292,0.8856,0.4924,4.9816,3.6927,0.9243,0.4255,5.869,4.5031,0.8411,0.6607,5.0433,1.5483,0.7981,0.5292,4.2743,3.1986,0.7666,0.5889,4.4135,2.5701,0.8374,0.5148,4.936,3.3316,1,1,2,2,1.972243646,1.984598196,2.125686242,2.19267029,4.840658822,4.840213849,5.324872876,5.32480466,1.4448
-1.0123607,-1.0848156,3.0951312,2.216503,-1.5797163,2.2702396,0.24592683,-0.9086364,1.9562933,-0.9525696,-0.7189828,0.49966735,2.1000686,0.7609699,1.9013361,-0.49818534,1.8148966,0.9400241,-4.309954,1.1444309,-1.8772049,0.025886565,3.0820227,1.9918288,1.6359035,1.3165799,-0.61438674,1.4328929,-0.4343788,0.8355887,2.1436388,0.15823767,-0.5466514,1.4369787,0.48684496,-1.3882693,-2.6175976,0.7663436,1.9006608,1.3433024,0.20645648,2.178867,-0.8959543,0.6942301,-1.0256828,0.5724945,-0.6560943,-1.4313153,0.68995273,1.8603706,-2.0734699,-1.3096495,-2.0594392,0.23078229,-0.34041065,-1.8746578,1.656853,3.9023275,-1.1829967,0.9018539,2.2397823,1.1389192,-0.4828801,-0.07986644,-0.53197217,-3.2050037,-2.7238555,0.35578758,-0.78852504,-3.9428058,-0.4859658,3.649124,-1.8591512,2.0234823,-0.48791498,1.5438879,-2.5322866,-3.252292,-0.2751219,-1.8386922,2.1976595,1.61192,-2.065289,0.76047045,-0.51562965,0.9565624,1.8506615,-1.052884,0.93852043,-0.41521373,2.216818,1.949892,0.263882,1.800116,1.569156,0.44535893,-4.4952393,1.6781963,-0.7448197,-0.004304119,-2.5353317,-1.5080492,0.48479593,0.42976794,2.2826319,1.2051915,1.6257852,-1.7745706,1.8572745,2.3471596,0.7976903,0.10140602,-0.08058487,-0.44199848,-4.8558817,-2.3183594,-0.84227014,1.3714681,-3.5502717,-1.5670619,0.16161174,1.2124418,-2.5270658,-3.8554552,-0.03369707,-0.74853504,1.4498646,2.486329,-0.88888687,1.3937287,1.1270247,0.5671709,1.9417658,0.7734953,0.42659822,-1.3375306,-3.4771402,0.3250093,-0.08924043,3.372444,-0.5815888,0.44645578,0.4666624,-1.5303661,-0.049428165,-3.4510205,1.5638201,1.3357034,1.1628116,2.0382557,-2.3808722,-0.5778426,0.30224216,-0.98726636,1.5732737,5.0058413,0.9123581,1.3047967,1.4557335,-0.26889187,1.2763313,1.2518625,0.9611775,-2.4471054,0.13646781,-3.3572562,-1.417392,0.78126705,-1.141119,0.33163464,0.55180633,-3.0079472,-0.41636634,-0.5557393,0.2083572,-2.0035377,-0.15502724,2.1360986,-2.316445,-0.124403805,-0.40655875,1.5076562,-2.4093416,2.2601523,-2.7030861,0.5803371,0.8456857,-2.0249226,0.2280044,-0.78177774,-1.1650362,-1.0577554,1.92716,0.42322978,1.2390718,-1.6162152,1.6657618,0.61443275,1.4201732,-1.604906,-1.3905153,1.9947603,3.4995356,-2.8520753,0.59662664,-0.21295182,-0.4000595,0.514105,-0.2139933,0.97073853,-3.5719798,-0.20858197,2.41859,1.5050968,2.2789152,-0.20099181,3.0479145,3.5472584,1.1646608,2.403596,-1.2522566,0.3438734,0.09179348,3.1001375,-0.7459803,2.4631631,-1.9450076,-1.0840662,-0.962026,-0.8430489,2.272901,-1.796137,-3.486515,-0.41586548,1.2772071,1.4821213,3.060104,-4.1797514,-1.5269952,3.1666617,-3.1419322,4.383193,0.096669234,-0.23623343,-0.64693314,-3.3081193,-2.2684932,1.931248,0.18526231,3.6838665,-1.7948523,-1.8476851,-1.9020307,4.2665386,-6.8507724,1.1149614,5.441826,5.122257363359022,5.455422575980871,5.340192792947213,5.472594261169434,5.274157849,15,-0.206717111,-0.078601225,9.4859306,69.54999997,257.28,-7.223425387,2.26415,14.12128302,0.8712,0.5296,4.8815,3.2878,0.8991,0.5136,5.572,3.7696,0.8672,0.6551,5.2681,1.2873,0.7674,0.5814,4.0987,2.6291,0.7924,0.6317,4.6472,2.1858,0.8128,0.55,4.6627,3.2149,1,1,2,2,1.970338296,1.993534549,2.098080313,2.199056389,4.840642782,4.840250214,5.32466344,5.3248218,1.4448
-0.44693404,0.77678496,0.6616232,3.8403704,0.4943304,2.007873,5.7101955,2.8391347,-0.8482937,-1.8365841,-0.43018514,-2.3693492,0.13572258,3.6094522,-0.5887505,-1.2668242,0.8160174,1.4906511,-0.89303654,-1.7500709,-5.748927,0.8801294,3.3977277,-1.426305,1.4365393,0.32947057,0.9584195,-4.112552,-1.4466603,0.80783755,0.1638284,-1.5442473,-0.6805172,1.7702059,3.06668,0.72641,-1.8782995,-1.139095,1.7590138,0.021796063,-0.26311606,1.129749,-3.7896664,1.3209176,2.4184408,-0.7471472,-1.9288235,-1.0846312,0.18787573,1.8004036,2.5971012,2.435117,-1.1111829,0.6853242,-0.2644248,4.2057433,0.52349573,-2.7707584,-2.296468,0.09840402,1.3717916,0.33100483,-3.3348806,0.820791,-1.5691084,0.18737195,-1.4972744,-1.6293375,1.4008033,-0.3081195,1.9627283,2.0443194,1.080504,1.7198167,-4.0307913,-0.20355228,2.068008,-3.1558468,3.2331576,1.1310246,1.4925141,3.6849794,-0.06879281,-1.3254187,1.6399515,0.3330647,0.4789281,0.0458636,0.23145017,0.42673284,2.5215297,1.1816019,1.7693244,2.628426,0.51788414,-3.0411139,-0.97848374,2.495934,1.2514517,-1.5958543,-1.5561296,1.3479491,-0.13438423,0.2305519,4.272128,-0.76213336,0.42470175,0.49170655,-1.3124492,0.38956267,-1.0013108,0.61113,4.1246133,-3.2507246,-6.021699,0.71261287,-0.55709267,-0.26944518,2.50715,2.6165154,-4.8910522,5.626801,-2.822686,0.24656914,0.43185958,2.6342528,2.7221022,-0.04059899,-0.3157862,2.1084387,-1.9409847,-0.56172127,1.6898794,-2.3309827,2.5206091,0.31635463,-0.32581663,0.653866,1.0700246,0.33163846,-0.669883,1.937579,-0.8504671,-6.666236,1.1751899,-1.4753265,-0.83463866,1.8951263,0.20283465,1.3892248,-0.6431769,-2.5136302,-0.7764085,1.0054886,1.6494375,4.161828,2.1485543,0.12342201,3.2587492,1.9185164,1.0752708,3.2546089,3.668537,-0.007889867,-1.3514454,-0.73733604,-3.6304133,-2.0259428,2.3698463,2.100926,2.2910905,-2.2193449,0.6223623,-3.9945645,4.1733994,-0.46445745,-1.8577807,1.0937992,-1.8917098,0.29642347,0.5139297,-4.1690373,0.5274743,1.8725737,-4.1443624,-1.5153981,-0.9032108,0.54187775,-2.0883596,-1.0012188,-1.6012024,-4.767627,0.8406472,0.35154936,3.9746075,-4.048933,0.95358104,4.4876275,0.79330456,1.6614289,-1.3326325,2.7806525,-0.8748106,-4.903688,2.110403,-2.8474073,-2.4113584,2.257815,0.36962327,5.1989217,-3.7729208,1.0523599,0.49640048,-0.3736542,2.3915675,2.0619373,2.9880648,1.4704542,-0.9362989,-0.102749236,3.9642,-0.28036067,-2.7840004,1.6699746,-0.10483954,0.1539097,-2.0037851,-1.6254195,0.9321513,-2.5407627,-1.8136939,0.74966383,-5.0972695,-0.56160456,2.317757,-2.1572645,-0.3688733,-3.1120596,-0.38767552,4.826768,-2.5614946,-1.1404169,-0.17880127,0.3755865,-2.6176443,-1.2062184,-1.1251076,-0.21869683,2.0408251,-0.07935027,0.10997015,-0.45790192,-1.8254054,0.9998075,-4.388509,0.19348583,4.7952733,5.159477638896082,4.85233180885101,4.504798112692876,4.833755016326904,4.463892989,16,-0.198504427,-0.063656961,11.20502743,10.49,112.8800001,-8.570066681,2.17874,14.12128472,0.8027,0.668,4.2975,1.528,0.9737,0.3042,5.5139,4.1682,0.9128,0.531,5.2251,2.5604,0.6802,0.6321,3.5125,1.7313,0.9474,0.3338,5.2761,3.904,0.8619,0.5596,4.6792,1.7972,1,1,2,2,1.962602864,1.973956433,2.173514435,2.200746237,4.840697383,4.840826012,5.324902285,5.324847557,1.4448
-0.88104296,-0.37941438,0.56665957,0.93526524,0.2458034,1.791173,0.06150723,-0.33833998,0.36700195,0.6916321,-2.1391287,0.25852257,0.6684839,1.1637836,0.288811,-0.96133846,0.13972221,1.4352858,-2.4185548,0.5191965,0.6422281,0.6989535,1.6670727,0.65949637,0.8061019,-0.23572357,-0.97323364,0.4218412,-1.2002507,0.102078944,-0.48557714,1.1866661,0.9634196,-1.5364463,0.5674541,-0.8851312,-0.66559523,0.1987091,0.8961598,0.4761251,-1.165298,1.3495313,-1.3160753,-0.24892089,0.44746923,2.396391,0.5827639,0.4032094,1.9809129,2.305552,-0.42120078,0.75325465,0.24176148,0.9657452,1.4024693,-0.33043873,-0.048397437,0.5484226,0.23324895,1.2978364,0.20450166,0.98235595,0.5643803,-1.8002741,0.107894756,-2.261955,-2.2285042,1.300326,-0.72703594,-1.8734995,0.31989294,1.6783729,-1.0356381,1.5230036,-0.579961,0.37125427,-0.35136953,-1.6085842,-0.4084837,-0.88566977,0.5718131,-1.0275913,-0.59186804,-0.10121912,-1.2358009,0.37086883,1.4722564,1.3631276,0.19572118,-0.78141797,1.5553879,1.8779899,0.8552283,0.30405527,1.5413587,1.5037931,-0.3982954,1.3734916,-0.63551843,-1.0017692,-1.5708089,-0.4928615,-1.0791234,-0.49077344,1.4024593,0.8374449,1.0670184,-1.2626885,0.4191367,1.3464009,0.5533121,0.92140603,1.5045593,-0.15874623,0.08747159,-1.7376739,0.24229923,0.68504,-1.363726,-1.9273142,-1.4334041,0.383321,0.32783583,-0.8275268,-1.36287,1.2901378,0.596089,-0.3940023,-0.4629328,-0.29360023,0.18172419,-0.5962075,0.60721165,-0.3832845,1.0542179,0.9052556,-0.688146,-0.32100204,-1.1320931,-0.32310015,-0.027112477,-0.18176937,1.704683,-0.22045247,-0.10966173,-2.454959,1.4052489,-0.61929744,0.6085817,1.9807935,-1.3723857,-0.890209,0.70915496,-0.46779186,1.3405662,3.3373663,1.2158636,-0.6402924,0.3471694,0.6675074,3.0889218,1.7963786,0.8622811,-0.77641535,-0.25859118,0.047568418,-0.4732084,0.8850697,-0.58581984,0.47549486,-0.08154687,-1.3866336,-0.18505687,0.17530948,-0.22066012,-0.9229985,-0.7024402,2.110416,-1.5189419,1.4780495,-0.7949672,1.6307056,0.57681555,0.37041163,-1.0907598,-0.49239743,1.7033942,-0.8198589,-0.49107233,-0.15734063,0.235562,-0.482062,1.4982035,-1.5437158,0.29954678,0.36403972,0.10192173,1.0269151,0.53362906,0.71510816,-1.4738817,-0.41135502,0.8343624,-1.675065,1.6832494,-0.3391475,1.1251775,2.101842,-1.2300922,-1.1238885,-0.90341604,1.098377,1.4147114,1.0145693,1.1834469,0.9262134,0.7292626,0.8101107,-1.3061621,1.1513474,-0.8860032,-0.35854414,-0.17529847,0.9900427,-0.17302237,2.1163292,-1.973912,-1.7398018,-0.32613137,0.40665156,-0.2298239,-0.09852162,-2.8898454,-0.5106641,0.33941263,1.7759583,0.14014943,0.48456487,-0.30893904,2.955267,-1.2480586,1.7590134,0.197898,0.40960073,-0.014310855,-1.3932151,-0.6570208,0.7268723,0.49428523,0.2776249,0.25744906,-0.5852755,-0.28190345,1.5018722,-2.6440787,-1.1440105,0.9985472,5.169371889708314,2.36732101724145,2.840688214854384,2.6789770126342773,4.416640507,17,-0.163983284,-0.119034821,7.71944311,28.13999998,31.50999998,-11.3,0.13738,14.12128851,0.8769,0.8445,5.1942,1.4699,0.959,0.3116,7.7941,6.4131,0.9344,0.4126,6.7553,5.2094,0.8298,0.8681,4.5229,1.4507,0.8897,0.3828,6.6169,2.5716,0.9409,0.3776,7.0517,1.9815,1,1,2,2,1.924325076,1.977397026,2.058324804,2.082657437,4.840928081,4.841004942,5.324645323,5.324553763,1.4448
-0.9534111,1.3170123,0.25947917,3.9634597,1.0207735,2.3333175,6.29108,3.6191726,-1.1091995,-1.6144931,-0.27747655,-3.3186057,0.034065384,3.985183,-0.573419,-1.8807738,0.33492976,1.5390781,-0.59912264,-1.7906809,-6.193882,1.050969,3.2802718,-1.8718417,1.409348,-0.3904608,1.4032255,-5.056824,-1.8972384,1.5566329,0.10816312,-1.3167025,-1.0875802,1.4833481,3.5417576,0.15377201,-1.4377193,-1.3376602,1.0921731,-0.35747948,-1.2964141,1.2442411,-3.7279851,1.6057513,3.2687404,-0.77021134,-1.7512968,-1.190746,-0.023494072,1.1627573,3.531265,2.5331988,-1.5159382,0.7434772,-0.17121418,5.2422886,0.45995224,-4.0658617,-2.6023893,-0.25030863,0.6716788,0.64413834,-3.878165,0.3573513,-1.8622557,0.59775037,-1.3212972,-1.6896046,2.124593,0.033869386,2.750412,2.4841263,1.649949,1.2106023,-5.1156225,-0.294786,2.6732335,-3.2066402,3.6229653,1.5304291,1.398816,4.810449,-0.03363594,-1.3637118,1.3104852,0.23457614,0.4086118,0.4010777,0.41357785,0.5534557,2.2321656,0.88548523,1.8435315,2.7719622,0.69437236,-3.6852522,-1.0176278,3.3420677,1.2934537,-1.6043792,-1.4663647,1.8428152,-0.27496958,-0.099612355,4.9762535,-0.5690714,0.75927454,0.64145535,-1.2204688,0.053140327,-1.3512506,0.3306791,5.2768407,-3.7135327,-6.194865,0.939732,-0.5817838,-0.6551026,4.1156445,3.0117948,-5.803216,6.272118,-2.3920655,0.6972176,-0.6479767,3.1103778,3.0929716,0.46037877,0.4276158,2.3177624,-2.0449576,-0.57231534,1.5174637,-2.9831183,2.37768,0.8874571,-0.16466814,1.1147943,0.9079194,0.79867774,-1.1227108,2.1778731,-0.9852648,-7.836489,1.0346864,-0.66585803,-1.5671308,2.058415,-0.61925673,1.0157584,-0.8931848,-2.8872495,-0.43125868,1.3078933,1.1121088,4.4514647,2.54263,-0.059749678,3.4242182,2.2824872,0.7257941,3.4427292,4.3224583,0.22080812,-1.291158,-0.53101444,-4.1930847,-2.4105945,2.8160481,2.26565,2.098414,-1.4450276,0.08819742,-5.123396,5.3546576,-0.15948036,-2.4552824,1.1382316,-1.8131353,-0.045082256,0.35428187,-4.549811,1.1248945,1.8989505,-4.911826,-2.082135,-1.5111054,0.12550707,-2.6075315,-0.9570256,-2.2048297,-4.162181,0.6030472,-0.8315209,4.0726304,-4.431743,1.0491767,5.1545496,0.4591416,2.1917741,-1.6096885,2.810966,-2.0818973,-5.7619886,1.9163214,-2.702548,-2.2327836,2.900938,1.2544843,5.9086337,-4.2737303,1.9495612,0.5040978,-0.62714297,2.689326,2.6102688,3.1150107,1.0462643,-1.1177516,-0.55026215,4.927114,-0.07856497,-3.0668926,1.91457,0.49002504,-0.1371893,-2.064486,-1.8870833,1.731898,-2.6648674,-2.1697783,0.8389033,-5.3887405,-0.21291639,1.3439035,-2.615407,-0.5263207,-2.9196203,0.20262796,4.503791,-2.3463063,-2.2800698,-0.18590239,0.7651616,-3.2742307,-1.306533,-0.75152516,-0.5840968,2.3032162,-0.74766433,0.10269554,-0.15236732,-2.1987154,0.8916837,-3.4789405,0.15065564,4.541437,5.165413147845332,4.501875099443934,4.340530917374592,4.430697441101073,4.397940009,18,-0.192356862,-0.060544344,11.71388941,18.38,102.15,-9.26,2.16633,14.12128523,0.8636,0.5451,4.8697,2.8944,0.9816,0.2622,5.7003,4.1784,0.8659,0.6191,4.9614,1.3928,0.6832,0.5647,3.5585,2.1848,0.9671,0.2666,5.528,4.1243,0.9327,0.5718,5.315,2.1373,1,1,2,2,1.97464174,1.97466073,2.186136318,2.186136318,4.840830988,4.840830988,5.324961148,5.324962511,1.4448
-1.4520845,-0.14105001,0.9718071,1.9645269,-0.8310557,1.4496921,0.8340788,0.08330773,1.936274,-0.16171654,0.19149923,-0.123883925,0.3055636,0.769679,0.3755474,-0.2763796,1.30076,-0.48860836,-4.0431046,0.19891515,-1.9504247,-0.10683568,1.7250127,1.5107808,0.9692277,1.6927323,-0.37806416,0.426179,-0.9842978,0.3483498,2.5125008,-0.59432745,0.07019539,0.7369317,0.07971421,-1.2723404,-1.6867024,0.8313283,1.4663882,1.3782148,0.7646111,1.3162937,-0.79622245,1.0392469,0.9903639,0.4930954,-0.12819836,-1.1768402,1.627863,1.2479768,-2.086884,0.056526005,-0.41142014,0.04800134,0.6116452,-1.034466,0.96665,2.43283,-1.546356,1.3769538,1.9600302,0.34840986,-0.25999838,-0.3971079,-0.78685784,-2.8682926,-1.8874364,0.24349312,-0.09052562,-2.905489,-0.7050437,2.8911278,-0.5195488,2.6612716,-0.4667455,0.30383393,-1.2572469,-2.490256,-0.002225727,-1.3659673,1.4762526,1.0981396,-1.0261508,0.9201392,-1.0437838,1.6038735,0.6953718,-0.304472,1.6872551,0.57487476,2.0983956,1.4326558,0.92009246,0.8847404,0.4116767,0.4718693,-1.9687577,2.226697,-1.2099897,0.038331073,-1.914943,-1.3919355,-0.41552556,-0.21647863,2.0654805,1.2452283,1.3375362,-1.017282,0.21629454,1.2806555,1.3758357,0.6601535,-0.18504618,-1.034231,-3.820202,-1.9116806,-0.8445252,0.6796603,-1.8044362,-1.608626,-1.0028623,0.7633717,-1.6335969,-2.101004,0.07428357,0.7427779,0.93993074,1.3550022,-0.6427518,-0.16352132,0.9006408,0.46821666,1.4950706,-0.7935175,0.051556557,0.045890823,-1.5185171,0.2822282,0.24122453,0.82424027,-0.5688587,0.5668268,0.79907084,-1.1828628,0.515885,-2.0465603,0.7256032,0.95394915,0.87421393,1.8620822,-0.47752354,-1.064817,0.15178737,-0.68233854,1.4602665,3.816335,1.2533226,-0.31433263,0.10938454,-0.28572002,1.7737373,1.4527137,1.6954834,-0.9211277,0.5564413,-1.8853432,-0.65786684,0.67691606,0.27002323,1.1036018,0.35670078,-2.479686,-0.6185272,0.26140544,0.5587325,-0.9615957,-1.3370161,1.7742275,-2.1780484,0.018452913,-0.090848364,2.0741057,-0.5902441,0.1541595,-0.97700584,0.05227451,0.17688401,-0.673475,-0.6607775,-0.18045005,-0.7008929,-0.55372864,1.8327577,-0.18634877,-0.009621531,-1.1531628,1.0981643,1.6003467,1.2987999,0.06666142,0.14352363,1.1292046,1.1691358,-2.3732226,1.3224711,-0.651,0.118767545,0.67420334,-0.76854193,-0.43063232,-2.5110674,0.5713467,1.4700109,0.84525853,1.4000748,0.45456448,1.5192449,3.3402498,0.52135825,0.98367625,-0.4224647,-1.4340374,-0.74855196,1.3612127,-1.177326,2.8083994,-1.4395242,-0.57724303,-0.28479668,-0.20884296,1.5600001,-0.23660895,-3.7962127,-0.087032855,1.2159268,0.8696665,1.5644746,-2.6963513,-0.9521736,2.5505102,-2.3706357,3.8177826,0.21180123,-0.3140893,-0.16878852,-1.9966904,-2.1617267,1.3007436,0.9728306,2.7377439,0.38575643,-1.217424,-0.5836252,3.236395,-5.2070446,1.1322637,4.850143,5.122890031126254,4.7573468632953,4.863249078035638,4.807578086853027,4.895422546,19,-0.203742784,-0.061455311,7.02482474,21.35999998,54.31000005,-8.336122417,2.46248,14.1212824,0.912,0.6847,5.3681,1.4707,0.9012,0.5179,5.2903,2.7594,0.8865,0.5436,5.2431,2.7591,0.7251,0.6832,4.1677,1.3937,0.8715,0.5389,4.98,2.308,0.8458,0.5328,4.7872,2.4204,1,1,2,2,1.977363902,1.988706615,2.164165197,2.16981566,4.84020871,4.840415259,5.324707903,5.325367782,1.4448
-1.4976232,0.18740043,1.0604349,2.2075057,-1.4019681,0.19654493,-0.47357398,-0.3984686,2.148371,0.7629219,0.4562368,-0.000585459,-0.097338706,0.10086002,0.49451178,-0.38933265,1.419366,-1.230975,-3.1665123,-0.4189341,-2.0786264,-0.010312006,0.73927236,1.6772405,0.47093067,2.6289327,-0.73500514,-0.08187393,-1.7477198,-0.6339797,2.3539622,-1.2029508,-0.30306458,0.12060635,-0.69427013,-1.2951522,-2.7564785,0.49783537,1.7709603,2.3103962,-0.15540905,1.1623119,-1.3586463,1.7254825,1.8812802,0.79250216,1.531789,-1.7288891,1.6847097,1.690315,-2.3487785,-0.77733856,0.18987137,0.5040864,1.2696347,-1.294407,0.15812585,2.4486222,-0.48904958,1.8587741,0.7338631,1.5995786,-0.23684973,0.8948752,-1.5079328,-2.751413,-1.9065402,1.5197277,0.3997391,-1.6236207,-0.57631373,2.5093832,-0.6147945,2.1699932,-0.16360514,0.34973425,-0.6884076,-2.0828676,-0.04641983,-0.73818415,0.8247548,0.12001228,-0.76117986,0.79953116,-0.988166,1.0521055,0.55872416,1.0555527,0.64294297,0.18936372,2.924078,1.2711838,0.46285477,0.5107863,1.1120757,-0.07473305,-0.4114626,0.44397244,-0.35605422,-1.3261834,-2.4356737,-1.2000155,-1.7687634,-0.30245793,1.4713569,0.69649667,1.711085,-0.26466793,0.13871424,0.86586374,2.7073383,1.1402832,-0.8670756,-1.9508464,-3.2539048,-1.677569,-0.5760646,0.4418302,-1.4471512,-1.5030662,-2.0425117,-0.54917896,-0.6382631,-0.13850923,-0.3171192,0.17257956,0.82322603,1.0833365,-0.7013838,0.039937735,0.8775037,0.16068912,1.1728069,-0.21203208,0.96710765,-0.054665066,0.16424473,-1.7902412,0.35465977,0.4116965,-0.26580298,1.1135895,0.98296356,-1.5461268,1.00768,-1.6519952,0.011707753,1.1954343,0.36343807,0.73061746,0.056375027,-1.6613532,-1.1388853,-0.8802305,2.2222965,3.409791,1.2886873,-0.91521674,-0.48680887,-0.57205254,1.8565476,1.3869227,0.43017098,-0.84985006,0.793999,-1.4519677,-0.21414295,0.93330693,1.3801912,0.3637007,-0.55223006,-2.5109644,-0.9195918,0.03377588,0.21380126,-0.047023304,0.13915102,1.9701415,-2.368282,0.5266421,-0.08340476,2.38979,-0.15438867,-0.17948295,-0.9288918,-0.099543415,0.20338415,0.25179434,0.07892917,0.54309225,-1.3813467,1.0875038,2.0753372,-0.35360903,-0.13083205,0.07488341,0.7376775,1.288663,-0.28292426,1.528141,0.88025504,0.06054768,0.47382626,-2.3921573,2.1638901,-1.4923431,0.8458494,0.7710106,-0.024381902,-2.2387156,-1.432882,1.1124883,1.4386783,2.4449396,0.77077913,0.964134,0.43009156,2.2244816,-0.5919113,0.35507995,-0.67900723,-0.7559994,-1.9553862,1.3251123,-0.5115204,2.262674,-1.509215,-1.166154,-0.3608558,0.67107815,2.232367,0.17329976,-3.75623,-1.0013771,1.5830213,0.40881675,0.09911531,-1.8966641,-0.3074594,3.571235,-2.993914,4.668573,-0.34467983,-0.6640682,-0.15661375,-0.21990056,-2.0784407,-0.3612892,2.7106848,3.0367973,-0.12620322,-0.92859906,-0.2753092,2.9690282,-4.524015,1.8905305,5.167959,5.122920579535501,5.083743434895449,5.032374862767584,4.9595909118652335,5.195899652,20,-0.206935915,-0.059928242,5.91674775,231.6599999,84.61000001,-7.961011867,2.50986,14.12128426,0.8186,0.6567,4.0138,0.9148,0.8526,0.5865,4.4715,2.1151,0.8278,0.3164,3.4408,1.215,0.7056,0.6575,3.4632,1.045,0.7387,0.5907,3.8694,2.0482,0.7364,0.6307,3.8055,1.3018,1,1,2,2,1.953355574,1.99933639,2.124199614,2.133304948,4.840706706,4.840627292,5.325633169,5.325378489,1.4969
-1.7611259,-0.07938119,1.3140445,2.5463862,-1.3905989,0.43713248,-0.6514054,-0.7782676,2.5020003,0.24054807,0.73040843,0.053762257,0.5494028,0.36919314,0.53187823,0.14184727,1.1928091,-1.1052088,-3.3211646,-0.92776453,-1.7123356,-0.3843612,0.39599475,2.238288,0.98224294,2.720815,-0.5457421,0.55432624,-2.092837,-0.2792638,2.6456687,-1.5335386,0.121409826,0.61984867,-0.6570898,-1.3303198,-2.9797928,0.28179398,1.957709,1.9390402,-0.3102736,0.40630272,-1.2654793,1.7045193,1.6135199,0.8163533,1.365959,-1.1510688,0.68305105,1.8555055,-2.126493,-0.8899726,-0.5238331,0.8098451,1.0536672,-1.4574807,-0.016105965,2.1894338,-0.20890349,1.8546306,1.3071221,2.0195081,-0.42725697,0.34651673,-1.0289958,-2.7145088,-1.9743721,1.8907186,-0.07614256,-2.1289597,-0.53182197,3.0174165,-1.0952213,2.341533,-0.043117,0.5665786,-0.4960656,-2.2192776,0.059475675,-0.6489232,1.0377002,0.6214285,-1.0109302,0.8141378,-1.3117629,0.7757167,0.23125234,0.66699326,0.38607156,0.37559462,2.4446666,1.599104,0.79827046,0.9536553,1.1336244,0.25533107,-0.5618123,0.48925343,-0.52915347,-0.70048136,-2.6975312,-1.7027915,-1.2997093,-0.005361289,1.3698817,0.78903246,1.4191815,-0.31185275,0.6288604,0.892729,2.4878757,0.5544392,-0.92876804,-2.0278869,-3.355912,-1.6813239,-0.316256,0.2561804,-2.022746,-1.7687235,-1.8400146,-0.5016428,-0.9149428,-0.444668,-0.37821007,0.27919504,0.52462745,1.0861981,-0.99597937,0.6694549,1.2499967,0.27426457,1.2279001,0.022879511,1.2693927,0.10405579,-0.33428532,-1.8747958,-0.2923716,0.56393343,-0.2982668,0.9466775,0.54224485,-1.3463662,0.70945966,-1.9197079,0.3141117,1.4062567,0.6512908,0.763898,-0.6394496,-1.540638,-0.42576456,-1.5107577,2.2948742,2.8895905,1.2025274,-0.37966195,-0.04541327,-0.71436644,1.503436,0.7549603,0.17071831,-0.96005166,0.9586322,-1.4817319,-0.7169769,0.8197023,1.1223812,-0.24540739,-0.7469483,-2.2760909,-1.1156385,0.22169891,0.5906745,-0.68609154,0.43918693,2.127404,-2.6725795,0.3980042,-0.5571978,2.6641583,-0.33785135,-0.40633458,-1.5974488,0.25527567,-0.13163598,0.15076923,-0.16936578,1.1808158,-1.2193444,1.3173879,1.6455054,-0.01738903,0.032765746,0.003424902,1.0591037,1.413119,-0.89963377,1.3602743,0.66529167,-0.020888865,0.5656278,-2.0377424,1.9492235,-1.2748328,1.2814445,0.449754,0.45521024,-1.8584437,-1.6305133,1.1098402,1.6903447,2.4161594,1.0745009,0.8168019,0.7171427,2.0975704,-0.36752468,0.38797832,-1.3842162,-0.49608576,-1.6827406,1.5262775,-0.29709905,1.584962,-1.2708598,-1.0392443,-0.08302906,0.38202292,2.4915464,0.14838281,-3.7191265,-0.49458256,1.6138241,0.57488036,0.6430732,-2.059102,-1.2012093,3.0584443,-3.139615,4.6963906,-0.008029737,-0.40415016,0.42899752,-0.7874701,-2.1872358,-0.34204835,2.4614635,2.9622176,-0.29266575,-0.6587133,-0.1404755,3.291503,-5.0436406,2.4267662,5.0392704,5.122900931863351,5.074495130926792,4.994315238957616,5.061062335968018,5.11058971,21,-0.20627803,-0.057291527,5.54646226,214.4200001,69.90999996,-8.361472317,2.5417,14.12128333,0.8273,0.6706,3.962,0.8751,0.8789,0.5289,4.5627,2.4729,0.8578,0.4689,3.6317,1.5117,0.7042,0.68,3.4285,0.9782,0.747,0.535,3.8131,2.1882,0.7486,0.6036,3.8128,1.1235,1,1,2,2,1.954332623,2.003297532,2.168669177,2.178582108,4.840736099,4.840610226,5.325662799,5.325423114,1.4969
-1.2383152,-0.9730035,3.0336971,1.8646783,-1.2474005,2.6116624,0.5960865,-0.5337952,1.3837703,-0.42455864,-1.4502622,0.22910836,2.2463658,0.8621819,1.8164898,-0.94791716,1.9055456,1.6378392,-4.385956,1.2161952,-1.581897,0.37527537,3.0632753,1.4942847,1.4425877,0.74168515,-0.56051964,1.376887,-0.4726876,1.0822775,1.5134801,0.51281613,-0.69118214,0.63843596,0.79754925,-1.7830216,-2.2156014,0.8238282,1.7712291,1.0637802,-0.049691483,2.563267,-0.9889006,-0.10020062,-0.66060805,1.3149953,-0.647997,-1.3788619,1.4369714,1.6707287,-1.6170412,-1.250149,-1.8119143,0.2179027,0.09061195,-1.5569137,1.753793,3.5126648,-1.330508,0.74812555,1.7884753,1.3532346,-0.33316913,-0.4815244,-0.8128594,-2.7004306,-2.7167356,0.000405833,-0.5523898,-3.979742,-0.2789598,3.255362,-1.6133324,1.8489869,-0.7330324,1.5862507,-2.5095367,-3.336018,-0.3403791,-2.0982444,1.9427446,1.2971617,-1.9214976,0.7090623,-0.9270941,1.4172783,2.4890428,-0.69033265,1.0098618,-0.49671584,1.9437109,2.1453345,0.56936383,1.9628104,1.7135239,0.62068623,-4.1935983,2.128314,-0.9941018,-0.20849729,-2.3752651,-1.1876148,0.44017535,0.0731262,2.7273402,1.432414,1.8774757,-1.4498904,1.6606323,2.3527586,0.9379054,0.29954466,0.36372045,-0.048366226,-4.2922306,-2.0401764,-0.5465349,1.4232088,-3.1039696,-1.7417562,0.38485134,1.4625175,-2.2254844,-3.8286128,-0.6751014,-0.7259197,1.4428372,2.5487988,-0.5277172,1.23928,0.84810334,0.35176533,1.3992939,0.50415134,-0.10826662,-0.9091809,-3.5723286,0.08499631,0.12678555,3.1555285,-0.47446612,0.3929835,0.5558924,-1.8126147,-0.51045346,-3.4537854,1.819515,0.8801901,1.4273823,2.402967,-2.4537876,-0.6053604,0.5388733,-0.703222,1.4656868,5.591483,1.2235733,1.0533829,1.2979395,-0.46462524,2.0555131,1.2341433,1.077345,-2.2352805,0.056216143,-3.368905,-1.3992116,0.5200267,-1.3001888,0.7931999,0.4533456,-2.8202736,-0.19932458,-0.5347236,0.3289112,-1.9134829,-0.56765753,2.4979959,-1.9986757,0.3227755,-0.78556526,1.7421844,-2.0316265,2.631511,-2.365702,0.25073826,1.131206,-2.1797447,0.14137508,-0.78833216,-0.8628355,-1.1193492,2.2415123,-0.26707712,1.377585,-1.4211702,1.4693263,0.75808555,2.089189,-1.601711,-1.9862428,2.3331404,3.292811,-2.7049408,0.5310032,-0.48902982,-0.57521474,0.8366148,-0.9104374,0.7904887,-3.5756586,-0.1936112,2.455899,1.3180815,2.5546982,-0.05145058,3.0844207,3.320068,1.2480478,2.5802145,-1.0605916,0.15086222,0.24676192,2.8581972,-1.3189381,2.8728185,-2.1082504,-1.4430305,-0.97891974,-0.73793745,1.4431045,-1.8471502,-3.3553362,-0.4366426,1.1904769,1.4861314,3.1507063,-3.7121239,-1.2894257,3.3124306,-2.9487913,3.7087734,0.18077356,0.03446174,-0.59896,-2.9971766,-2.2376385,2.0022078,0.12750104,3.6837711,-1.9197043,-2.2853203,-1.522294,4.2687116,-6.525238,0.6479767,5.6224127,5.1306425050354045,5.533917109872941,5.397583474996133,5.54487419128418,5.311753861,22,-0.200270665,-0.078422826,12.49863889,71.42999999,429.9700001,-7.03866155,2.44679,14.12128198,0.9634,0.3072,5.5295,4.1033,0.9358,0.3728,5.1797,3.6428,0.9749,0.3208,5.9324,4.5151,0.929,0.315,5.2585,4.0298,0.8816,0.3792,4.8537,3.5775,0.7823,0.5372,4.8261,2.4936,1,1,2,2,1.984313987,2.00091729,2.155646771,2.190459997,4.840192108,4.840218671,5.325379754,5.324818245,1.4448
-1.3588297,-0.59442693,2.4780757,1.4963609,-0.9362131,2.274567,0.37766963,-0.322798,0.69342315,-0.22300074,-0.9944259,-0.3034591,1.8569007,0.5219786,1.6669955,-1.3749163,1.2335538,1.274595,-4.3646083,1.1631771,-1.2859392,0.17606364,3.1660326,1.1389798,1.0468374,0.38278884,-0.72601795,1.2137506,-0.6271854,0.85412425,1.529459,0.0867238,-0.45906585,-0.20158523,0.58404684,-1.9463949,-1.7451462,0.8540346,1.0533952,1.3974087,-0.011612192,2.5195944,-1.0643145,0.16472213,-0.04346748,1.5242488,-0.25472888,-1.7463593,0.90886253,1.1253104,-1.9071486,-1.2888789,-1.1284071,-0.024644524,0.5212652,-1.1461232,1.1944607,2.825325,-1.3489513,0.39984986,1.0788232,1.0439546,-0.16268414,0.03291775,-1.1499951,-2.0548282,-2.2500784,-0.031158537,0.32354224,-3.0923514,-0.5437562,2.0910501,-1.1289096,1.4271121,-1.21671,1.8838202,-2.4519567,-2.8538883,-0.34288916,-1.7438431,1.6217707,1.5491426,-1.3579445,0.71202934,-1.0230718,1.3888876,2.6981573,-0.39703858,1.5124451,-0.14181021,1.9775234,1.9793749,0.8245559,0.9721386,1.9210314,0.27486306,-3.2125912,1.7037505,-1.2920014,-0.346894,-1.8527534,-1.3494235,-0.4848811,-0.15804565,2.3528569,1.7712735,1.3449316,-0.8764846,1.0297568,2.0795856,0.9008902,0.66318405,0.4452755,-0.51986957,-3.6856866,-2.137508,-1.0770174,0.66375744,-2.7619934,-1.8378681,-0.34138176,0.7481307,-1.8604777,-3.1359975,-0.2824572,0.038697958,1.2902765,2.5438867,-0.14584142,0.40785754,0.5816775,0.3423891,1.0450402,0.21562862,-0.60456204,-0.9961676,-2.6160946,0.42209077,0.28474712,2.6640372,-0.82109475,0.38677633,0.6289525,-2.142241,-1.1114018,-2.6706014,1.1391008,0.94541025,1.0449445,2.274014,-2.5858533,-0.66409075,0.101397276,-0.6663162,1.4935683,4.6207366,0.9398417,0.7288324,1.298912,-0.46850008,1.9662462,0.9548919,0.5641082,-1.7167323,0.34819233,-3.1848364,-1.2815807,0.4100951,-1.045944,0.8012708,-0.09368384,-1.8558846,-0.31037223,-0.43905282,0.4374256,-1.1895334,-0.89862406,2.28444,-1.8527079,0.7596506,-0.20240441,1.8575311,-1.2425195,2.1947045,-1.4028788,0.6381879,0.7752253,-1.2313476,0.122333296,-0.5028961,-1.0814649,-0.32723737,1.9046774,-0.6485672,1.0857403,-1.4328051,0.9414833,1.3674774,1.6155665,-0.9365159,-1.5732102,1.6507508,2.6939473,-1.778879,0.9160049,-0.3916082,-0.39995936,0.81413615,-1.5447754,-0.22096172,-3.630812,-0.2115068,1.91893,1.3491564,2.0735629,0.17961769,2.45335,2.4688108,0.861956,2.545871,-0.9406857,-0.07677655,-0.48586595,2.1996768,-1.059778,2.3955457,-1.5046475,-1.0340366,-1.1925894,-0.46240348,1.0795807,-1.5298803,-2.977835,0.21469648,1.2573061,1.4118518,2.952714,-3.231075,-1.2649033,3.1984456,-2.2275188,2.972407,0.15921623,-0.33126718,-0.5382933,-2.1227312,-1.703722,2.065948,0.8150905,3.2649472,-1.0351903,-1.6831856,-1.6554508,3.2838433,-5.3412123,0.1901979,5.5909104,5.123277664246716,5.452564904990188,5.403804628697368,5.53477954864502,5.222716471,23,-0.199218712,-0.079848594,15.34795602,195.27,417.5299996,-7.189190239,2.3484,14.12128103,0.9577,0.3315,5.7253,4.3396,0.9078,0.4141,4.9919,3.6319,0.9343,0.4241,5.6482,3.1697,0.9093,0.3406,5.3821,4.2328,0.8391,0.417,4.4739,3.5772,0.7927,0.4932,4.7678,2.5276,1,1,2,2,1.995230563,2.004834407,2.136769758,2.194282799,4.840266813,4.840156612,5.325055738,5.324787229,1.4448
